,Title,Ratings,HyperLinks
0,accessiBe,4.8,https://www.g2.com/products/accessibe/reviews
1,UserWay,4.8,https://www.g2.com/products/userway/reviews
2,Siteimprove,4.6,https://www.g2.com/products/siteimprove/reviews
3,Silktide,4.8,https://www.g2.com/products/silktide/reviews
4,Level Access AMP,4.6,https://www.g2.com/products/level-access-amp/reviews
5,AudioEye,4.7,https://www.g2.com/products/audioeye/reviews
6,eSSENTIAL Accessibility,4.6,https://www.g2.com/products/essential-accessibility/reviews
7,UsableNet AQA,4.4,https://www.g2.com/products/usablenet-aqa/reviews
8,DubBot,4.9,https://www.g2.com/products/dubbot/reviews
9,Monsido,4.6,https://www.g2.com/products/monsido/reviews
10,Equalweb,4.9,https://www.g2.com/products/equalweb/reviews
11,Crownpeak DQM,4.4,https://www.g2.com/products/crownpeak-dqm/reviews
12,Textmetrics,4.5,https://www.g2.com/products/textmetrics/reviews
13,Sitemorse,4.8,https://www.g2.com/products/sitemorse/reviews
14,Equally.ai,5,https://www.g2.com/products/equally.ai/reviews
15,Accessible Web Console,5,https://www.g2.com/products/accessible-web-console/reviews
16,Website Accessibility Software,5,https://www.g2.com/products/website-accessibility-software/reviews
17,AELData,0,https://www.g2.com/products/aeldata/reviews
18,AllAccessible,0,https://www.g2.com/products/allaccessible/reviews
19,ARC Monitoring API,0,https://www.g2.com/products/arc-monitoring-api/reviews
20,Assistive,0,https://www.g2.com/products/assistive/reviews
21,Compliance Sheriff,0,https://www.g2.com/products/compliance-sheriff/reviews
22,ComplyFirst,0,https://www.g2.com/products/complyfirst/reviews
23,DIGIaccess,0,https://www.g2.com/products/digiaccess/reviews
24,Pope Tech,0,https://www.g2.com/products/pope-tech/reviews
25,Tenon,0,https://www.g2.com/products/tenon/reviews
26,accessiBe,4.8,https://www.g2.com/products/accessibe/reviews
27,UserWay,4.8,https://www.g2.com/products/userway/reviews
28,Silktide,4.8,https://www.g2.com/products/silktide/reviews
29,DubBot,4.9,https://www.g2.com/products/dubbot/reviews
30,ChromeLens,4.2,https://www.g2.com/products/chromelens/reviews
31,read&write,3.8,https://www.g2.com/products/read&write/reviews
32,Equally.ai,5,https://www.g2.com/products/equally.ai/reviews
33,Adally,5,https://www.g2.com/products/adally/reviews
34,browsealoud,3,https://www.g2.com/products/browsealoud/reviews
35,Recite me,5,https://www.g2.com/products/recite-me/reviews
36,uTester,4,https://www.g2.com/products/utester/reviews
37,WAVE API,4.5,https://www.g2.com/products/wave-api/reviews
38,WebAIM,4,https://www.g2.com/products/webaim/reviews
39,2245 & Ratio Calculator,4,https://www.g2.com/products/2245-&-ratio-calculator/reviews
40,a11y,0,https://www.g2.com/products/a11y/reviews
41,Accessible Colors,0,https://www.g2.com/products/accessible-colors/reviews
42,AChecker,0,https://www.g2.com/products/achecker/reviews
43,Colorable,0,https://www.g2.com/products/colorable/reviews
44,Colorblindly,0,https://www.g2.com/products/colorblindly/reviews
45,Color Safe,0,https://www.g2.com/products/color-safe/reviews
46,colorswall.com,0,https://www.g2.com/products/colorswall.com/reviews
47,Contrast,0,https://www.g2.com/products/contrast/reviews
48,Contrast Checker,0,https://www.g2.com/products/contrast-checker/reviews
49,Contrast Ratio,0,https://www.g2.com/products/contrast-ratio/reviews
50,DynoMapper,0,https://www.g2.com/products/dynomapper/reviews
51,Enable,0,https://www.g2.com/products/enable/reviews
52,EnableXpress,0,https://www.g2.com/products/enablexpress/reviews
53,Evinced Dev Debugger,0,https://www.g2.com/products/evinced-dev-debugger/reviews
54,Helperbird,0,https://www.g2.com/products/helperbird/reviews
55,InclusiveDocs,0,https://www.g2.com/products/inclusivedocs/reviews
56,HubSpot Marketing Hub,5,https://www.g2.com/products/hubspot-marketing-hub/reviews
57,ZoomInfo SalesOS,4.4,https://www.g2.com/products/zoominfo-salesos/reviews
58,Groove,4.4,https://www.g2.com/products/groove/reviews
59,6sense ABM/ABX platform,4.7,https://www.g2.com/products/6sense-abm/abx-platform/reviews
60,LeanData,4.4,https://www.g2.com/products/leandata/reviews
61,Demandbase ABM/ABX Cloud,4.6,https://www.g2.com/products/demandbase-abm/abx-cloud/reviews
62,People.ai,4.3,https://www.g2.com/products/people.ai/reviews
63,Adobe Marketo Engage,4.5,https://www.g2.com/products/adobe-marketo-engage/reviews
64,xiQ,4.1,https://www.g2.com/products/xiq/reviews
65,RingLead,4.9,https://www.g2.com/products/ringlead/reviews
66,Metadata.io,4.4,https://www.g2.com/products/metadata.io/reviews
67,Openprise,4.5,https://www.g2.com/products/openprise/reviews
68,Koncert,4.9,https://www.g2.com/products/koncert/reviews
69,Infer,4.6,https://www.g2.com/products/infer/reviews
70,SALESmanago,4.5,https://www.g2.com/products/salesmanago/reviews
71,Terminus ABM Platform,4.3,https://www.g2.com/products/terminus-abm-platform/reviews
72,Madison Logic Platform,4.4,https://www.g2.com/products/madison-logic-platform/reviews
73,Owler,4.1,https://www.g2.com/products/owler/reviews
74,LeadIQ,4.1,https://www.g2.com/products/leadiq/reviews
75,D&B Rev.Up ABX,4.2,https://www.g2.com/products/d&b-rev.up-abx/reviews
76,CloudLead,4.3,https://www.g2.com/products/cloudlead/reviews
77,Triblio ABM Platform,4.8,https://www.g2.com/products/triblio-abm-platform/reviews
78,Traction Complete,4.2,https://www.g2.com/products/traction-complete/reviews
79,N.Rich,4.5,https://www.g2.com/products/n.rich/reviews
80,Integrate Demand Acceleration Platform,4.7,https://www.g2.com/products/integrate-demand-acceleration-platform/reviews
81,RollWorks Account-Based Platform,4.3,https://www.g2.com/products/rollworks-account-based-platform/reviews
82,Lane Four Highroad,4.4,https://www.g2.com/products/lane-four-highroad/reviews
83,ORM Technologies,4.6,https://www.g2.com/products/orm-technologies/reviews
84,CaliberMind,4.7,https://www.g2.com/products/calibermind/reviews
85,DataFox,4.8,https://www.g2.com/products/datafox/reviews
86,6sense ABM/ABX platform,4.3,https://www.g2.com/products/6sense-abm/abx-platform/reviews
87,Metadata.io,4.4,https://www.g2.com/products/metadata.io/reviews
88,Demandbase ABM/ABX Cloud,4.5,https://www.g2.com/products/demandbase-abm/abx-cloud/reviews
89,Terminus ABM Platform,4.3,https://www.g2.com/products/terminus-abm-platform/reviews
90,RollWorks Account-Based Platform,4.4,https://www.g2.com/products/rollworks-account-based-platform/reviews
91,Triblio ABM Platform,4.4,https://www.g2.com/products/triblio-abm-platform/reviews
92,Albacross,4.2,https://www.g2.com/products/albacross/reviews
93,N.Rich,4.6,https://www.g2.com/products/n.rich/reviews
94,Madison Logic Platform,4.7,https://www.g2.com/products/madison-logic-platform/reviews
95,Folloze,4.1,https://www.g2.com/products/folloze/reviews
96,DemandScience Activate,4.8,https://www.g2.com/products/demandscience-activate/reviews
97,Integrate Demand Acceleration Platform,4.5,https://www.g2.com/products/integrate-demand-acceleration-platform/reviews
98,Recotap,4.3,https://www.g2.com/products/recotap/reviews
99,Influ2,4.7,https://www.g2.com/products/influ2/reviews
100,Jabmo,4.5,https://www.g2.com/products/jabmo/reviews
101,Paragone,4.1,https://www.g2.com/products/paragone/reviews
102,ListenLoop,4,https://www.g2.com/products/listenloop/reviews
103,SAP Marketing Cloud,3.5,https://www.g2.com/products/sap-marketing-cloud/reviews
104,AccountBase,4.1,https://www.g2.com/products/accountbase/reviews
105,Kwanzoo,4.5,https://www.g2.com/products/kwanzoo/reviews
106,D&B Rev.Up ABX,4.3,https://www.g2.com/products/d&b-rev.up-abx/reviews
107,MRP Prelytix,4.3,https://www.g2.com/products/mrp-prelytix/reviews
108,Predictive Insights (formerly Mintigo),4.2,https://www.g2.com/products/predictive-insights-(formerly-mintigo)/reviews
109,Radiate B2B,4.3,https://www.g2.com/products/radiate-b2b/reviews
110,AdDaptive Intelligence,4.3,https://www.g2.com/products/addaptive-intelligence/reviews
111,Bluebirde.io,3.5,https://www.g2.com/products/bluebirde.io/reviews
112,SalesboxAI,5,https://www.g2.com/products/salesboxai/reviews
113,ABM360,4.5,https://www.g2.com/products/abm360/reviews
114,Addapptation,0,https://www.g2.com/products/addapptation/reviews
115,Advertaze - Personalized account-based ads,0,https://www.g2.com/products/advertaze---personalized-account-based-ads/reviews
116,HubSpot Marketing Hub,4.4,https://www.g2.com/products/hubspot-marketing-hub/reviews
117,6sense ABM/ABX platform,4.4,https://www.g2.com/products/6sense-abm/abx-platform/reviews
118,Demandbase ABM/ABX Cloud,4.3,https://www.g2.com/products/demandbase-abm/abx-cloud/reviews
119,LeanData,4.6,https://www.g2.com/products/leandata/reviews
120,Metadata.io,4.5,https://www.g2.com/products/metadata.io/reviews
121,Adobe Marketo Engage,4.1,https://www.g2.com/products/adobe-marketo-engage/reviews
122,Terminus ABM Platform,4.4,https://www.g2.com/products/terminus-abm-platform/reviews
123,Folloze,4.8,https://www.g2.com/products/folloze/reviews
124,PathFactory,4.4,https://www.g2.com/products/pathfactory/reviews
125,Dreamdata,4.8,https://www.g2.com/products/dreamdata/reviews
126,Hushly,4.8,https://www.g2.com/products/hushly/reviews
127,Infer,4.5,https://www.g2.com/products/infer/reviews
128,Triblio ABM Platform,4.2,https://www.g2.com/products/triblio-abm-platform/reviews
129,Albacross,4.6,https://www.g2.com/products/albacross/reviews
130,LeadSift,4.7,https://www.g2.com/products/leadsift/reviews
131,RollWorks Account-Based Platform,4.4,https://www.g2.com/products/rollworks-account-based-platform/reviews
132,Recotap,4.7,https://www.g2.com/products/recotap/reviews
133,N.Rich,4.7,https://www.g2.com/products/n.rich/reviews
134,Madison Logic Platform,4.1,https://www.g2.com/products/madison-logic-platform/reviews
135,Bizible,4.7,https://www.g2.com/products/bizible/reviews
136,Traction Complete,4.5,https://www.g2.com/products/traction-complete/reviews
137,CaliberMind,4.8,https://www.g2.com/products/calibermind/reviews
138,TrenDemon,4.6,https://www.g2.com/products/trendemon/reviews
139,Lane Four Highroad,4.6,https://www.g2.com/products/lane-four-highroad/reviews
140,SAS Marketing Optimization,4.4,https://www.g2.com/products/sas-marketing-optimization/reviews
141,MRP Prelytix,4.2,https://www.g2.com/products/mrp-prelytix/reviews
142,Jabmo,4.1,https://www.g2.com/products/jabmo/reviews
143,Factors.AI,4.5,https://www.g2.com/products/factors.ai/reviews
144,ORM Technologies,4.7,https://www.g2.com/products/orm-technologies/reviews
145,Full Circle Insights,4,https://www.g2.com/products/full-circle-insights/reviews
146,Sendoso,4.5,https://www.g2.com/products/sendoso/reviews
147,Reachdesk,4.5,https://www.g2.com/products/reachdesk/reviews
148,Alyce,4.7,https://www.g2.com/products/alyce/reviews
149,Postal.io,4.6,https://www.g2.com/products/postal.io/reviews
150,Printfection,4.3,https://www.g2.com/products/printfection/reviews
151,PFL Hybrid Experience Platform,4.1,https://www.g2.com/products/pfl-hybrid-experience-platform/reviews
152,Xoxoday Plum,4.6,https://www.g2.com/products/xoxoday-plum/reviews
153,Kotis Design,4.7,https://www.g2.com/products/kotis-design/reviews
154,CorporateGift.com,4.9,https://www.g2.com/products/corporategift.com/reviews
155,Enthusem Direct Mail Automation,0,https://www.g2.com/products/enthusem-direct-mail-automation/reviews
156,HubSpot Marketing Hub,4.4,https://www.g2.com/products/hubspot-marketing-hub/reviews
157,6sense ABM/ABX platform,4.4,https://www.g2.com/products/6sense-abm/abx-platform/reviews
158,Demandbase ABM/ABX Cloud,4.3,https://www.g2.com/products/demandbase-abm/abx-cloud/reviews
159,Metadata.io,4.5,https://www.g2.com/products/metadata.io/reviews
160,Terminus ABM Platform,4.4,https://www.g2.com/products/terminus-abm-platform/reviews
161,Folloze,4.8,https://www.g2.com/products/folloze/reviews
162,Triblio ABM Platform,4.2,https://www.g2.com/products/triblio-abm-platform/reviews
163,Integrate Demand Acceleration Platform,4.3,https://www.g2.com/products/integrate-demand-acceleration-platform/reviews
164,Hushly,4.8,https://www.g2.com/products/hushly/reviews
165,Madison Logic Platform,4.1,https://www.g2.com/products/madison-logic-platform/reviews
166,RollWorks Account-Based Platform,4.4,https://www.g2.com/products/rollworks-account-based-platform/reviews
167,Recotap,4.7,https://www.g2.com/products/recotap/reviews
168,Jabmo,4.1,https://www.g2.com/products/jabmo/reviews
169,MRP Prelytix,4.2,https://www.g2.com/products/mrp-prelytix/reviews
170,TrenDemon,4.6,https://www.g2.com/products/trendemon/reviews
171,AdDaptive Intelligence,3.5,https://www.g2.com/products/addaptive-intelligence/reviews
172,D&B Rev.Up ABX,4.3,https://www.g2.com/products/d&b-rev.up-abx/reviews
173,Addapptation,4.1,https://www.g2.com/products/addapptation/reviews
174,BambooBox,0,https://www.g2.com/products/bamboobox/reviews
175,Intelligent ABM,0,https://www.g2.com/products/intelligent-abm/reviews
176,Maestro ABM,0,https://www.g2.com/products/maestro-abm/reviews
177,Openthrive,0,https://www.g2.com/products/openthrive/reviews
178,Orchestration Marketing Platform,0,https://www.g2.com/products/orchestration-marketing-platform/reviews
179,Sprouts,0,https://www.g2.com/products/sprouts/reviews
180,ZoomInfo MarketingOS,0,https://www.g2.com/products/zoominfo-marketingos/reviews
181,HubSpot Marketing Hub,4.4,https://www.g2.com/products/hubspot-marketing-hub/reviews
182,RELAYTO,4.9,https://www.g2.com/products/relayto/reviews
183,Paperflite,4.8,https://www.g2.com/products/paperflite/reviews
184,Demandbase ABM/ABX Cloud,4.3,https://www.g2.com/products/demandbase-abm/abx-cloud/reviews
185,Outgrow,4.8,https://www.g2.com/products/outgrow/reviews
186,Terminus ABM Platform,4.4,https://www.g2.com/products/terminus-abm-platform/reviews
187,xiQ,4.9,https://www.g2.com/products/xiq/reviews
188,FlippingBook,4.7,https://www.g2.com/products/flippingbook/reviews
189,PathFactory,4.4,https://www.g2.com/products/pathfactory/reviews
190,Triblio ABM Platform,4.2,https://www.g2.com/products/triblio-abm-platform/reviews
191,Hushly,4.8,https://www.g2.com/products/hushly/reviews
192,DemandScience Activate,4.5,https://www.g2.com/products/demandscience-activate/reviews
193,Uberflip,4.3,https://www.g2.com/products/uberflip/reviews
194,TrenDemon,4.6,https://www.g2.com/products/trendemon/reviews
195,Recotap,4.7,https://www.g2.com/products/recotap/reviews
196,Jabmo,4.1,https://www.g2.com/products/jabmo/reviews
197,Opensense,4.6,https://www.g2.com/products/opensense/reviews
198,LiftIQ,4.3,https://www.g2.com/products/liftiq/reviews
199,Salesforce Personalization (Formerly Evergage),4.3,https://www.g2.com/products/salesforce-personalization-(formerly-evergage)/reviews
200,ListenLoop,3.5,https://www.g2.com/products/listenloop/reviews
201,Turtl,4.4,https://www.g2.com/products/turtl/reviews
202,Ion,4.1,https://www.g2.com/products/ion/reviews
203,Kwanzoo,4.3,https://www.g2.com/products/kwanzoo/reviews
204,Proof Experiences,4.4,https://www.g2.com/products/proof-experiences/reviews
205,Bluebirde.io,5,https://www.g2.com/products/bluebirde.io/reviews
206,D&B Rev.Up ABX,4.3,https://www.g2.com/products/d&b-rev.up-abx/reviews
207,MRP Prelytix,4.2,https://www.g2.com/products/mrp-prelytix/reviews
208,Predictive Insights (formerly Mintigo),4.3,https://www.g2.com/products/predictive-insights-(formerly-mintigo)/reviews
209,Addapptation,0,https://www.g2.com/products/addapptation/reviews
210,CompassABM,0,https://www.g2.com/products/compassabm/reviews
211,ZoomInfo SalesOS,4.4,https://www.g2.com/products/zoominfo-salesos/reviews
212,6sense ABM/ABX platform,4.4,https://www.g2.com/products/6sense-abm/abx-platform/reviews
213,G2 Marketing Solutions,4.6,https://www.g2.com/products/g2-marketing-solutions/reviews
214,Priority Engine,4.3,https://www.g2.com/products/priority-engine/reviews
215,Demandbase ABM/ABX Cloud,4.3,https://www.g2.com/products/demandbase-abm/abx-cloud/reviews
216,Leadfeeder,4.3,https://www.g2.com/products/leadfeeder/reviews
217,Bombora Company Surge®,4.5,https://www.g2.com/products/bombora-company-surge®/reviews
218,"Slintel, a 6sense company",4.6,"https://www.g2.com/products/slintel,-a-6sense-company/reviews"
219,Qualified,4.9,https://www.g2.com/products/qualified/reviews
220,Terminus ABM Platform,4.4,https://www.g2.com/products/terminus-abm-platform/reviews
221,Albacross,4.6,https://www.g2.com/products/albacross/reviews
222,Lead Forensics,3.8,https://www.g2.com/products/lead-forensics/reviews
223,RollWorks Account-Based Platform,4.4,https://www.g2.com/products/rollworks-account-based-platform/reviews
224,LeadSift,4.7,https://www.g2.com/products/leadsift/reviews
225,D&B Rev.Up ABX,4.3,https://www.g2.com/products/d&b-rev.up-abx/reviews
226,Triblio ABM Platform,4.2,https://www.g2.com/products/triblio-abm-platform/reviews
227,DemandScience Activate,4.5,https://www.g2.com/products/demandscience-activate/reviews
228,Madison Logic Platform,4.1,https://www.g2.com/products/madison-logic-platform/reviews
229,KickFire,4.1,https://www.g2.com/products/kickfire/reviews
230,DemandJump,4.7,https://www.g2.com/products/demandjump/reviews
231,CANDDi,4.6,https://www.g2.com/products/canddi/reviews
232,N.Rich,4.7,https://www.g2.com/products/n.rich/reviews
233,LeadGenius,4.3,https://www.g2.com/products/leadgenius/reviews
234,eCHO B2B Intent,4.6,https://www.g2.com/products/echo-b2b-intent/reviews
235,Intentsify,4.3,https://www.g2.com/products/intentsify/reviews
236,Lead Onion,4.3,https://www.g2.com/products/lead-onion/reviews
237,Cyance,4.5,https://www.g2.com/products/cyance/reviews
238,EverString,4.1,https://www.g2.com/products/everstring/reviews
239,Zymplify,4.2,https://www.g2.com/products/zymplify/reviews
240,BrightTALK,3.9,https://www.g2.com/products/brighttalk/reviews
241,ZoomInfo SalesOS,4.4,https://www.g2.com/products/zoominfo-salesos/reviews
242,Apollo.io,4.8,https://www.g2.com/products/apollo.io/reviews
243,6sense ABM/ABX platform,4.4,https://www.g2.com/products/6sense-abm/abx-platform/reviews
244,Adapt,4.6,https://www.g2.com/products/adapt/reviews
245,Cognism,4.7,https://www.g2.com/products/cognism/reviews
246,Priority Engine,4.3,https://www.g2.com/products/priority-engine/reviews
247,Adobe Marketo Engage,4.1,https://www.g2.com/products/adobe-marketo-engage/reviews
248,UpLead,4.7,https://www.g2.com/products/uplead/reviews
249,Demandbase ABM/ABX Cloud,4.3,https://www.g2.com/products/demandbase-abm/abx-cloud/reviews
250,Demandbase Sales Intelligence Cloud,4.3,https://www.g2.com/products/demandbase-sales-intelligence-cloud/reviews
251,Metadata.io,4.5,https://www.g2.com/products/metadata.io/reviews
252,BuzzBoard,4.4,https://www.g2.com/products/buzzboard/reviews
253,Brandwatch,4.4,https://www.g2.com/products/brandwatch/reviews
254,Lead Forensics,3.8,https://www.g2.com/products/lead-forensics/reviews
255,Act-On,4.1,https://www.g2.com/products/act-on/reviews
256,Bombora Company Surge®,4.5,https://www.g2.com/products/bombora-company-surge®/reviews
257,Lead411,4.5,https://www.g2.com/products/lead411/reviews
258,xiQ,4.9,https://www.g2.com/products/xiq/reviews
259,Crunchbase,4.5,https://www.g2.com/products/crunchbase/reviews
260,Madison Logic Platform,4.1,https://www.g2.com/products/madison-logic-platform/reviews
261,Infer,4.5,https://www.g2.com/products/infer/reviews
262,RollWorks Account-Based Platform,4.4,https://www.g2.com/products/rollworks-account-based-platform/reviews
263,DemandScience Intelligence,4.3,https://www.g2.com/products/demandscience-intelligence/reviews
264,Terminus ABM Platform,4.4,https://www.g2.com/products/terminus-abm-platform/reviews
265,KickFire,4.1,https://www.g2.com/products/kickfire/reviews
266,Owler,4.1,https://www.g2.com/products/owler/reviews
267,RocketReach,4.5,https://www.g2.com/products/rocketreach/reviews
268,Datanyze,4.2,https://www.g2.com/products/datanyze/reviews
269,LeadSift,4.7,https://www.g2.com/products/leadsift/reviews
270,FullCircl,4.5,https://www.g2.com/products/fullcircl/reviews
271,Human Interest,4.1,https://www.g2.com/products/human-interest/reviews
272,Guideline,4.2,https://www.g2.com/products/guideline/reviews
273,401GO,4.9,https://www.g2.com/products/401go/reviews
274,ForUsAll,4.6,https://www.g2.com/products/forusall/reviews
275,Betterment,3.6,https://www.g2.com/products/betterment/reviews
276,Ubiquity Retirement,3.4,https://www.g2.com/products/ubiquity-retirement/reviews
277,Transamerica Retirement Solutions,5,https://www.g2.com/products/transamerica-retirement-solutions/reviews
278,401(k) Easy,0,https://www.g2.com/products/401(k)-easy/reviews
279,AB401k,0,https://www.g2.com/products/ab401k/reviews
280,Defined Contribution / 401(k) System,0,https://www.g2.com/products/defined-contribution-/-401(k)-system/reviews
281,Money intelligence,0,https://www.g2.com/products/money-intelligence/reviews
282,SaveDay,0,https://www.g2.com/products/saveday/reviews
283,Sharebuilder 401k,0,https://www.g2.com/products/sharebuilder-401k/reviews
284,Slavic 401k,0,https://www.g2.com/products/slavic-401k/reviews
285,Vestwell,0,https://www.g2.com/products/vestwell/reviews
286,QuickBooks Online Accountant,4.4,https://www.g2.com/products/quickbooks-online-accountant/reviews
287,Karbon,4.8,https://www.g2.com/products/karbon/reviews
288,Dext Prepare,4.6,https://www.g2.com/products/dext-prepare/reviews
289,Canopy,4.7,https://www.g2.com/products/canopy/reviews
290,Xero Practice Manager,4.2,https://www.g2.com/products/xero-practice-manager/reviews
291,Financial Cents,4.8,https://www.g2.com/products/financial-cents/reviews
292,Thomson Reuters Onvio,3.5,https://www.g2.com/products/thomson-reuters-onvio/reviews
293,TaxDome,4.7,https://www.g2.com/products/taxdome/reviews
294,Jetpack Workflow,4.1,https://www.g2.com/products/jetpack-workflow/reviews
295,OfficeTools,3.7,https://www.g2.com/products/officetools/reviews
296,SafeSend,3.9,https://www.g2.com/products/safesend/reviews
297,CPACharge,4.6,https://www.g2.com/products/cpacharge/reviews
298,AccountancyManager,4.9,https://www.g2.com/products/accountancymanager/reviews
299,Smart Audit,4.8,https://www.g2.com/products/smart-audit/reviews
300,Accounting Power,4.4,https://www.g2.com/products/accounting-power/reviews
301,Payroll Relief,3.4,https://www.g2.com/products/payroll-relief/reviews
302,Suralink,4.8,https://www.g2.com/products/suralink/reviews
303,AuditDashboard,4.7,https://www.g2.com/products/auditdashboard/reviews
304,Advance Practice Management Suite,3.4,https://www.g2.com/products/advance-practice-management-suite/reviews
305,CCH iFirm,2.6,https://www.g2.com/products/cch-ifirm/reviews
306,Mango Practice Management,3.9,https://www.g2.com/products/mango-practice-management/reviews
307,MYOB,3.7,https://www.g2.com/products/myob/reviews
308,Senta,3.8,https://www.g2.com/products/senta/reviews
309,TaxCalc,4.9,https://www.g2.com/products/taxcalc/reviews
310,Aero Workflow,4.7,https://www.g2.com/products/aero-workflow/reviews
311,AuditorsDesk,4.3,https://www.g2.com/products/auditorsdesk/reviews
312,Avii,4.7,https://www.g2.com/products/avii/reviews
313,EasyCloudBooks,4,https://www.g2.com/products/easycloudbooks/reviews
314,Fieldguide,4.4,https://www.g2.com/products/fieldguide/reviews
315,Firm360,4.5,https://www.g2.com/products/firm360/reviews
316,NetSuite,3.9,https://www.g2.com/products/netsuite/reviews
317,QuickBooks Online,4,https://www.g2.com/products/quickbooks-online/reviews
318,QuickBooks Desktop Pro,4.3,https://www.g2.com/products/quickbooks-desktop-pro/reviews
319,Sage Intacct,4.3,https://www.g2.com/products/sage-intacct/reviews
320,QuickBooks Desktop Enterprise,4.2,https://www.g2.com/products/quickbooks-desktop-enterprise/reviews
321,FreshBooks,4.5,https://www.g2.com/products/freshbooks/reviews
322,SAP Business One,4.4,https://www.g2.com/products/sap-business-one/reviews
323,Xero,4.3,https://www.g2.com/products/xero/reviews
324,BlackLine,4.5,https://www.g2.com/products/blackline/reviews
325,Acumatica,4.4,https://www.g2.com/products/acumatica/reviews
326,QuickBooks Online Advanced,4.5,https://www.g2.com/products/quickbooks-online-advanced/reviews
327,SAP ERP,4.1,https://www.g2.com/products/sap-erp/reviews
328,TallyPrime,4.4,https://www.g2.com/products/tallyprime/reviews
329,Zoho Books,4.5,https://www.g2.com/products/zoho-books/reviews
330,Oracle EBS Financials,4,https://www.g2.com/products/oracle-ebs-financials/reviews
331,SAP Business ByDesign,4,https://www.g2.com/products/sap-business-bydesign/reviews
332,Oracle PeopleSoft,3.7,https://www.g2.com/products/oracle-peoplesoft/reviews
333,Wave,4.4,https://www.g2.com/products/wave/reviews
334,Intuit QuickBooks,4.5,https://www.g2.com/products/intuit-quickbooks/reviews
335,Sage Business Cloud Accounting,4.2,https://www.g2.com/products/sage-business-cloud-accounting/reviews
336,Sage 50cloud Accounting,3.8,https://www.g2.com/products/sage-50cloud-accounting/reviews
337,Microsoft Dynamics NAV,3.7,https://www.g2.com/products/microsoft-dynamics-nav/reviews
338,FinancialForce Financial Management ERP,3.9,https://www.g2.com/products/financialforce-financial-management-erp/reviews
339,Odoo ERP,4.2,https://www.g2.com/products/odoo-erp/reviews
340,Workday Financial Management,3.9,https://www.g2.com/products/workday-financial-management/reviews
341,Unanet GovCon,4.4,https://www.g2.com/products/unanet-govcon/reviews
342,FreeAgent,4.2,https://www.g2.com/products/freeagent/reviews
343,CS Professional Suite,4.4,https://www.g2.com/products/cs-professional-suite/reviews
344,SYSPRO,4.1,https://www.g2.com/products/syspro/reviews
345,Microsoft Dynamics GP,3.6,https://www.g2.com/products/microsoft-dynamics-gp/reviews
346,Sage Intacct,4.3,https://www.g2.com/products/sage-intacct/reviews
347,Bill.com,4.4,https://www.g2.com/products/bill.com/reviews
348,Airbase,4.8,https://www.g2.com/products/airbase/reviews
349,Stampli,4.8,https://www.g2.com/products/stampli/reviews
350,Beanworks AP Automation,4.6,https://www.g2.com/products/beanworks-ap-automation/reviews
351,DocuWare,4.4,https://www.g2.com/products/docuware/reviews
352,Tipalti,4.3,https://www.g2.com/products/tipalti/reviews
353,Melio,4.7,https://www.g2.com/products/melio/reviews
354,Corpay Payment Automation,4.5,https://www.g2.com/products/corpay-payment-automation/reviews
355,AvidXchange,4.4,https://www.g2.com/products/avidxchange/reviews
356,SAP Concur,4,https://www.g2.com/products/sap-concur/reviews
357,MineralTree,4.6,https://www.g2.com/products/mineraltree/reviews
358,Spendesk,4.7,https://www.g2.com/products/spendesk/reviews
359,Medius,4.6,https://www.g2.com/products/medius/reviews
360,PayEm,4.9,https://www.g2.com/products/payem/reviews
361,Basware,3.8,https://www.g2.com/products/basware/reviews
362,Plate IQ,4.5,https://www.g2.com/products/plate-iq/reviews
363,Vic.ai,4.9,https://www.g2.com/products/vic.ai/reviews
364,Planergy,4.9,https://www.g2.com/products/planergy/reviews
365,OnBase,4.3,https://www.g2.com/products/onbase/reviews
366,Celonis,4.6,https://www.g2.com/products/celonis/reviews
367,MHC Software,4.7,https://www.g2.com/products/mhc-software/reviews
368,Ephesoft,4.5,https://www.g2.com/products/ephesoft/reviews
369,Emburse Chrome River Invoice,4.4,https://www.g2.com/products/emburse-chrome-river-invoice/reviews
370,Yooz,4.5,https://www.g2.com/products/yooz/reviews
371,Glantus Data Platform,4.9,https://www.g2.com/products/glantus-data-platform/reviews
372,Centreviews,4.4,https://www.g2.com/products/centreviews/reviews
373,Finly,4.8,https://www.g2.com/products/finly/reviews
374,Plooto,4.4,https://www.g2.com/products/plooto/reviews
375,Laserfiche,4.6,https://www.g2.com/products/laserfiche/reviews
376,Square Invoices,4.7,https://www.g2.com/products/square-invoices/reviews
377,Billtrust,4.4,https://www.g2.com/products/billtrust/reviews
378,Tesorio,4.6,https://www.g2.com/products/tesorio/reviews
379,Bill.com,4.4,https://www.g2.com/products/bill.com/reviews
380,Invoiced,4.6,https://www.g2.com/products/invoiced/reviews
381,Synder,4.7,https://www.g2.com/products/synder/reviews
382,Celonis,4.6,https://www.g2.com/products/celonis/reviews
383,HighRadius,4.4,https://www.g2.com/products/highradius/reviews
384,Upflow,4.6,https://www.g2.com/products/upflow/reviews
385,BlueSnap Accounts Receivable Automation,4.7,https://www.g2.com/products/bluesnap-accounts-receivable-automation/reviews
386,PDCflow,4.7,https://www.g2.com/products/pdcflow/reviews
387,DadePay,4.3,https://www.g2.com/products/dadepay/reviews
388,YayPay by Quadient,4.3,https://www.g2.com/products/yaypay-by-quadient/reviews
389,EBizCharge,4.8,https://www.g2.com/products/ebizcharge/reviews
390,Gaviti,4.5,https://www.g2.com/products/gaviti/reviews
391,Accounting Seed,4,https://www.g2.com/products/accounting-seed/reviews
392,Versapay,4.3,https://www.g2.com/products/versapay/reviews
393,Lockstep,4.3,https://www.g2.com/products/lockstep/reviews
394,Centreviews,4.4,https://www.g2.com/products/centreviews/reviews
395,PlanetPress Connect,4.3,https://www.g2.com/products/planetpress-connect/reviews
396,Bilendo,3.8,https://www.g2.com/products/bilendo/reviews
397,ezyCollect,4.8,https://www.g2.com/products/ezycollect/reviews
398,Gravity Software,4.5,https://www.g2.com/products/gravity-software/reviews
399,HappyAR,4.9,https://www.g2.com/products/happyar/reviews
400,Resolve,4.9,https://www.g2.com/products/resolve/reviews
401,InvoiceSherpa,3.2,https://www.g2.com/products/invoicesherpa/reviews
402,Payference,4.9,https://www.g2.com/products/payference/reviews
403,Plooto,4.4,https://www.g2.com/products/plooto/reviews
404,Wave Payments,4.9,https://www.g2.com/products/wave-payments/reviews
405,Artiva RM,3.3,https://www.g2.com/products/artiva-rm/reviews
406,LifeMart Discounts,5,https://www.g2.com/products/lifemart-discounts/reviews
407,ADP Document Cloud,5,https://www.g2.com/products/adp-document-cloud/reviews
408,Microsoft D365FO Connector for ADP Workforce Now®,5,https://www.g2.com/products/microsoft-d365fo-connector-for-adp-workforce-now®/reviews
409,GL - WageSync Connector for 7-Eleven,5,https://www.g2.com/products/gl---wagesync-connector-for-7-eleven/reviews
410,NestUp Connector,0,https://www.g2.com/products/nestup-connector/reviews
411,SuperSalon Connector for Tip Card Integration,0,https://www.g2.com/products/supersalon-connector-for-tip-card-integration/reviews
412,Yandiki,0,https://www.g2.com/products/yandiki/reviews
413,QuickBooks Desktop Pro,0,https://www.g2.com/products/quickbooks-desktop-pro/reviews
414,FreshBooks,4.3,https://www.g2.com/products/freshbooks/reviews
415,NetSuite,4.5,https://www.g2.com/products/netsuite/reviews
416,Zoho Invoice,3.9,https://www.g2.com/products/zoho-invoice/reviews
417,Bill.com,4.7,https://www.g2.com/products/bill.com/reviews
418,BigTime,4.4,https://www.g2.com/products/bigtime/reviews
419,Square Invoices,4.5,https://www.g2.com/products/square-invoices/reviews
420,Stampli,4.7,https://www.g2.com/products/stampli/reviews
421,PayPal Invoicing,4.8,https://www.g2.com/products/paypal-invoicing/reviews
422,Wave,4.5,https://www.g2.com/products/wave/reviews
423,Invoiced,4.4,https://www.g2.com/products/invoiced/reviews
424,BQE CORE,4.6,https://www.g2.com/products/bqe-core/reviews
425,TallyPrime,4.4,https://www.g2.com/products/tallyprime/reviews
426,Zoho Books,4.4,https://www.g2.com/products/zoho-books/reviews
427,"SaaSOptics, Becoming Maxio",4.5,"https://www.g2.com/products/saasoptics,-becoming-maxio/reviews"
428,Avaza,4.5,https://www.g2.com/products/avaza/reviews
429,Paymo,4.6,https://www.g2.com/products/paymo/reviews
430,Stripe Billing,4.6,https://www.g2.com/products/stripe-billing/reviews
431,Tipalti,4.4,https://www.g2.com/products/tipalti/reviews
432,FinancialForce Financial Management ERP,4.3,https://www.g2.com/products/financialforce-financial-management-erp/reviews
433,AvidXchange,3.9,https://www.g2.com/products/avidxchange/reviews
434,Portal,4.4,https://www.g2.com/products/portal/reviews
435,Paddle,4.9,https://www.g2.com/products/paddle/reviews
436,FastSpring,4.5,https://www.g2.com/products/fastspring/reviews
437,WHMCS,4.5,https://www.g2.com/products/whmcs/reviews
438,Workday Financial Management,4.2,https://www.g2.com/products/workday-financial-management/reviews
439,ZipBooks,3.9,https://www.g2.com/products/zipbooks/reviews
440,HoneyBook,4.7,https://www.g2.com/products/honeybook/reviews
441,Tridens Monetization,4.4,https://www.g2.com/products/tridens-monetization/reviews
442,BlueSnap Accounts Receivable Automation,4.9,https://www.g2.com/products/bluesnap-accounts-receivable-automation/reviews
443,Vena,4.7,https://www.g2.com/products/vena/reviews
444,Prophix Software,4.5,https://www.g2.com/products/prophix-software/reviews
445,Planful,4.4,https://www.g2.com/products/planful/reviews
446,Mosaic Tech,4.3,https://www.g2.com/products/mosaic-tech/reviews
447,Causal,4.8,https://www.g2.com/products/causal/reviews
448,Pigment,4.7,https://www.g2.com/products/pigment/reviews
449,Jirav,4.7,https://www.g2.com/products/jirav/reviews
450,Jedox,4.7,https://www.g2.com/products/jedox/reviews
451,IBM Planning Analytics with Watson,4.4,https://www.g2.com/products/ibm-planning-analytics-with-watson/reviews
452,Board,4.3,https://www.g2.com/products/board/reviews
453,Spendesk,4.4,https://www.g2.com/products/spendesk/reviews
454,Axiom by Syntellis Performance Solutions,4.7,https://www.g2.com/products/axiom-by-syntellis-performance-solutions/reviews
455,Cube Software,4.3,https://www.g2.com/products/cube-software/reviews
456,Budgyt,4.7,https://www.g2.com/products/budgyt/reviews
457,Place,4.8,https://www.g2.com/products/place/reviews
458,Float Cash Flow Forecasting,4.8,https://www.g2.com/products/float-cash-flow-forecasting/reviews
459,Pry,4.4,https://www.g2.com/products/pry/reviews
460,Oracle Planning Cloud,4.8,https://www.g2.com/products/oracle-planning-cloud/reviews
461,SAP Business Planning and Consolidation (BPC),4.2,https://www.g2.com/products/sap-business-planning-and-consolidation-(bpc)/reviews
462,Accounting Seed,4.1,https://www.g2.com/products/accounting-seed/reviews
463,CCH Tagetik,4,https://www.g2.com/products/cch-tagetik/reviews
464,Coupa Procurement,4.3,https://www.g2.com/products/coupa-procurement/reviews
465,Abacum,4.1,https://www.g2.com/products/abacum/reviews
466,Acterys,4.5,https://www.g2.com/products/acterys/reviews
467,LucaNet,4.6,https://www.g2.com/products/lucanet/reviews
468,Unit4 FP&A,4.7,https://www.g2.com/products/unit4-fp&a/reviews
469,CalendarBudget,4.4,https://www.g2.com/products/calendarbudget/reviews
470,Catalyst,4.6,https://www.g2.com/products/catalyst/reviews
471,Phocas Software,4.5,https://www.g2.com/products/phocas-software/reviews
472,idu-Concept,4.6,https://www.g2.com/products/idu-concept/reviews
473,Tesorio,4.3,https://www.g2.com/products/tesorio/reviews
474,Causal,4.6,https://www.g2.com/products/causal/reviews
475,Invoiced,4.7,https://www.g2.com/products/invoiced/reviews
476,HighRadius,4.6,https://www.g2.com/products/highradius/reviews
477,Float Cash Flow Forecasting,4.4,https://www.g2.com/products/float-cash-flow-forecasting/reviews
478,SAP Cash Application,4.4,https://www.g2.com/products/sap-cash-application/reviews
479,Primetric,4.1,https://www.g2.com/products/primetric/reviews
480,SAP Cash Management,4.9,https://www.g2.com/products/sap-cash-management/reviews
481,Cashbook,4.3,https://www.g2.com/products/cashbook/reviews
482,Payference,4.4,https://www.g2.com/products/payference/reviews
483,Cashforce,4.9,https://www.g2.com/products/cashforce/reviews
484,Nomentia Cash and Treasury Management Solutions,4.6,https://www.g2.com/products/nomentia-cash-and-treasury-management-solutions/reviews
485,CashAnalytics,4.6,https://www.g2.com/products/cashanalytics/reviews
486,Commitly,4.5,https://www.g2.com/products/commitly/reviews
487,Dryrun,4.3,https://www.g2.com/products/dryrun/reviews
488,PlanGuru,4.5,https://www.g2.com/products/planguru/reviews
489,Pulse | Cash Flow Management,3.6,https://www.g2.com/products/pulse-|-cash-flow-management/reviews
490,CashControl,3.8,https://www.g2.com/products/cashcontrol/reviews
491,Cash Flow Mojo Software,4.7,https://www.g2.com/products/cash-flow-mojo-software/reviews
492,CashFlowTool,4.2,https://www.g2.com/products/cashflowtool/reviews
493,Intalev,4.3,https://www.g2.com/products/intalev/reviews
494,ProfitBoard,5,https://www.g2.com/products/profitboard/reviews
495,Vistr,4,https://www.g2.com/products/vistr/reviews
496,Zeller,4.5,https://www.g2.com/products/zeller/reviews
497,Caflou,4.2,https://www.g2.com/products/caflou/reviews
498,CashController,4.8,https://www.g2.com/products/cashcontroller/reviews
499,CashFlows,5,https://www.g2.com/products/cashflows/reviews
500,Edebex,4.5,https://www.g2.com/products/edebex/reviews
501,FinAlyzer,4.8,https://www.g2.com/products/finalyzer/reviews
502,Fluidly,4.4,https://www.g2.com/products/fluidly/reviews
503,Anaplan,5,https://www.g2.com/products/anaplan/reviews
504,SAP Analytics Cloud,4.6,https://www.g2.com/products/sap-analytics-cloud/reviews
505,Board,4.2,https://www.g2.com/products/board/reviews
506,Planful,4.4,https://www.g2.com/products/planful/reviews
507,Workday Adaptive Planning,4.3,https://www.g2.com/products/workday-adaptive-planning/reviews
508,Vena,4.4,https://www.g2.com/products/vena/reviews
509,Prophix Software,4.5,https://www.g2.com/products/prophix-software/reviews
510,Mosaic Tech,4.4,https://www.g2.com/products/mosaic-tech/reviews
511,Jedox,4.8,https://www.g2.com/products/jedox/reviews
512,ClearPoint Strategy,4.4,https://www.g2.com/products/clearpoint-strategy/reviews
513,Solver,4.7,https://www.g2.com/products/solver/reviews
514,Jirav,4.5,https://www.g2.com/products/jirav/reviews
515,IBM Planning Analytics with Watson,4.7,https://www.g2.com/products/ibm-planning-analytics-with-watson/reviews
516,AchieveIt,4.3,https://www.g2.com/products/achieveit/reviews
517,OneStream,4.4,https://www.g2.com/products/onestream/reviews
518,Oracle Planning Cloud,4.4,https://www.g2.com/products/oracle-planning-cloud/reviews
519,Cube Software,4.2,https://www.g2.com/products/cube-software/reviews
520,Causal,4.7,https://www.g2.com/products/causal/reviews
521,LucaNet,4.7,https://www.g2.com/products/lucanet/reviews
522,Pigment,4.7,https://www.g2.com/products/pigment/reviews
523,Axiom by Syntellis Performance Solutions,4.7,https://www.g2.com/products/axiom-by-syntellis-performance-solutions/reviews
524,Hubble,4.3,https://www.g2.com/products/hubble/reviews
525,Oracle Narrative Reporting Cloud,4.6,https://www.g2.com/products/oracle-narrative-reporting-cloud/reviews
526,Catalyst,3.9,https://www.g2.com/products/catalyst/reviews
527,Acterys,4.5,https://www.g2.com/products/acterys/reviews
528,SAP Business Planning and Consolidation (BPC),4.6,https://www.g2.com/products/sap-business-planning-and-consolidation-(bpc)/reviews
529,Place,4.1,https://www.g2.com/products/place/reviews
530,CCH Tagetik,4.8,https://www.g2.com/products/cch-tagetik/reviews
531,Oracle Hyperion Planning,4.3,https://www.g2.com/products/oracle-hyperion-planning/reviews
532,Unit4 FP&A,3.9,https://www.g2.com/products/unit4-fp&a/reviews
533,TurboTax Business,4.4,https://www.g2.com/products/turbotax-business/reviews
534,ProSeries,4.4,https://www.g2.com/products/proseries/reviews
535,Avalara,4.2,https://www.g2.com/products/avalara/reviews
536,TaxJar,3.9,https://www.g2.com/products/taxjar/reviews
537,Credit Karma Tax,4.7,https://www.g2.com/products/credit-karma-tax/reviews
538,CCH ProSystem fx Tax,4.2,https://www.g2.com/products/cch-prosystem-fx-tax/reviews
539,Drake Tax,4.1,https://www.g2.com/products/drake-tax/reviews
540,Vertex,4.5,https://www.g2.com/products/vertex/reviews
541,ProSystem fx Suite,4.1,https://www.g2.com/products/prosystem-fx-suite/reviews
542,ProConnect Tax Online,4,https://www.g2.com/products/proconnect-tax-online/reviews
543,Lacerte,3.4,https://www.g2.com/products/lacerte/reviews
544,GoSystem Tax RS,4.1,https://www.g2.com/products/gosystem-tax-rs/reviews
545,Oracle Tax Reporting Cloud,3.9,https://www.g2.com/products/oracle-tax-reporting-cloud/reviews
546,H&R Block At Home Premium & Business,4.2,https://www.g2.com/products/h&r-block-at-home-premium-&-business/reviews
547,Bloomberg Income Tax Planner,4.2,https://www.g2.com/products/bloomberg-income-tax-planner/reviews
548,Sovos,4.2,https://www.g2.com/products/sovos/reviews
549,TaxRates.io,4.2,https://www.g2.com/products/taxrates.io/reviews
550,UltraTax CS,4.8,https://www.g2.com/products/ultratax-cs/reviews
551,Bloomberg Tax & Accounting Fixed Assets,3.3,https://www.g2.com/products/bloomberg-tax-&-accounting-fixed-assets/reviews
552,CSC Corptax,3.8,https://www.g2.com/products/csc-corptax/reviews
553,SafeSend,3.9,https://www.g2.com/products/safesend/reviews
554,Web-GST,3.9,https://www.g2.com/products/web-gst/reviews
555,Trolley,4.2,https://www.g2.com/products/trolley/reviews
556,ClearTax,4.9,https://www.g2.com/products/cleartax/reviews
557,Tax1099,3.8,https://www.g2.com/products/tax1099/reviews
558,CheckMark™ 1099 software,4.7,https://www.g2.com/products/checkmark™-1099-software/reviews
559,Gruntworx,5,https://www.g2.com/products/gruntworx/reviews
560,KDK Spectrum,3.3,https://www.g2.com/products/kdk-spectrum/reviews
561,1099Pro,4.5,https://www.g2.com/products/1099pro/reviews
562,CCH SureTax,4.5,https://www.g2.com/products/cch-suretax/reviews
563,Tesorio,3.5,https://www.g2.com/products/tesorio/reviews
564,Invoiced,4.6,https://www.g2.com/products/invoiced/reviews
565,You Need A Budget,4.6,https://www.g2.com/products/you-need-a-budget/reviews
566,myFICO,4.6,https://www.g2.com/products/myfico/reviews
567,YayPay by Quadient,4.2,https://www.g2.com/products/yaypay-by-quadient/reviews
568,InDebted,4.3,https://www.g2.com/products/indebted/reviews
569,Lockstep,4.3,https://www.g2.com/products/lockstep/reviews
570,Versapay,4.3,https://www.g2.com/products/versapay/reviews
571,FICO Network,4.3,https://www.g2.com/products/fico-network/reviews
572,Bilendo,2.8,https://www.g2.com/products/bilendo/reviews
573,Resolve,3.8,https://www.g2.com/products/resolve/reviews
574,Cogent,4.9,https://www.g2.com/products/cogent/reviews
575,BFrame System,4.2,https://www.g2.com/products/bframe-system/reviews
576,Borrowell,4.5,https://www.g2.com/products/borrowell/reviews
577,CashOnTime,4.7,https://www.g2.com/products/cashontime/reviews
578,COLLECTIONS AND RECOVERY,4.3,https://www.g2.com/products/collections-and-recovery/reviews
579,D&B Finance Analytics,4.3,https://www.g2.com/products/d&b-finance-analytics/reviews
580,Chargebacks911,4,https://www.g2.com/products/chargebacks911/reviews
581,Esker Collections Management,4.7,https://www.g2.com/products/esker-collections-management/reviews
582,FICO Collection Optimization,5,https://www.g2.com/products/fico-collection-optimization/reviews
583,numberz Accounts Receivable,4.5,https://www.g2.com/products/numberz-accounts-receivable/reviews
584,CollBox,4,https://www.g2.com/products/collbox/reviews
585,CREDITbase,4.3,https://www.g2.com/products/creditbase/reviews
586,DebtCloud,5,https://www.g2.com/products/debtcloud/reviews
587,Delta M,4.3,https://www.g2.com/products/delta-m/reviews
588,Juris Collect,4.8,https://www.g2.com/products/juris-collect/reviews
589,Katabat,2.5,https://www.g2.com/products/katabat/reviews
590,Late Fee Manager,4.3,https://www.g2.com/products/late-fee-manager/reviews
591,Latitude by Genesys,4.3,https://www.g2.com/products/latitude-by-genesys/reviews
592,Swordfish,4.3,https://www.g2.com/products/swordfish/reviews
593,Airbase,4.5,https://www.g2.com/products/airbase/reviews
594,Bill.com,4.8,https://www.g2.com/products/bill.com/reviews
595,GoCardless,4.4,https://www.g2.com/products/gocardless/reviews
596,Stampli,4.7,https://www.g2.com/products/stampli/reviews
597,Corpay Payment Automation,4.8,https://www.g2.com/products/corpay-payment-automation/reviews
598,Tipalti,4.5,https://www.g2.com/products/tipalti/reviews
599,Payoneer,4.3,https://www.g2.com/products/payoneer/reviews
600,MineralTree,3.6,https://www.g2.com/products/mineraltree/reviews
601,Corpay Cross-Border,4.6,https://www.g2.com/products/corpay-cross-border/reviews
602,Happay,4.6,https://www.g2.com/products/happay/reviews
603,Dwolla,4.5,https://www.g2.com/products/dwolla/reviews
604,Metaprise - Commerce Online Banking,4.3,https://www.g2.com/products/metaprise---commerce-online-banking/reviews
605,ConnectPay by Comdata,4.8,https://www.g2.com/products/connectpay-by-comdata/reviews
606,Trolley,4.3,https://www.g2.com/products/trolley/reviews
607,Opayo by Elavon,4.9,https://www.g2.com/products/opayo-by-elavon/reviews
608,BlueSnap,4.2,https://www.g2.com/products/bluesnap/reviews
609,PDCflow,4,https://www.g2.com/products/pdcflow/reviews
610,Plooto,4.7,https://www.g2.com/products/plooto/reviews
611,Payline,4.4,https://www.g2.com/products/payline/reviews
612,TransferWise for Business,4.7,https://www.g2.com/products/transferwise-for-business/reviews
613,CSG Forte,3.9,https://www.g2.com/products/csg-forte/reviews
614,ProPay,3.8,https://www.g2.com/products/propay/reviews
615,Resolve,4,https://www.g2.com/products/resolve/reviews
616,Yapstone,4.9,https://www.g2.com/products/yapstone/reviews
617,AffiniPay Payment Gateway,4.3,https://www.g2.com/products/affinipay-payment-gateway/reviews
618,EBizCharge,5,https://www.g2.com/products/ebizcharge/reviews
619,Fidesic,4.8,https://www.g2.com/products/fidesic/reviews
620,Global Payments and Cash Management,4.8,https://www.g2.com/products/global-payments-and-cash-management/reviews
621,SmartDebit,3.5,https://www.g2.com/products/smartdebit/reviews
622,Billdesk,5,https://www.g2.com/products/billdesk/reviews
623,SAP Concur,4,https://www.g2.com/products/sap-concur/reviews
624,TripActions,4,https://www.g2.com/products/tripactions/reviews
625,Brex,4.7,https://www.g2.com/products/brex/reviews
626,Airbase,4.7,https://www.g2.com/products/airbase/reviews
627,Zoho Expense,4.8,https://www.g2.com/products/zoho-expense/reviews
628,Expensify,4.5,https://www.g2.com/products/expensify/reviews
629,Pleo,4.3,https://www.g2.com/products/pleo/reviews
630,Ramp,4.9,https://www.g2.com/products/ramp/reviews
631,Emburse Certify Expense,4.8,https://www.g2.com/products/emburse-certify-expense/reviews
632,Fyle,4.5,https://www.g2.com/products/fyle/reviews
633,Divvy,4.6,https://www.g2.com/products/divvy/reviews
634,Webexpenses,4.6,https://www.g2.com/products/webexpenses/reviews
635,Rydoo,4.5,https://www.g2.com/products/rydoo/reviews
636,Emburse Abacus,4.4,https://www.g2.com/products/emburse-abacus/reviews
637,Paylocity,4.5,https://www.g2.com/products/paylocity/reviews
638,Spendesk,4.4,https://www.g2.com/products/spendesk/reviews
639,Center,4.7,https://www.g2.com/products/center/reviews
640,Egencia,4.6,https://www.g2.com/products/egencia/reviews
641,BigTime,4.4,https://www.g2.com/products/bigtime/reviews
642,Paycom,4.5,https://www.g2.com/products/paycom/reviews
643,Uber for Business,4.2,https://www.g2.com/products/uber-for-business/reviews
644,BQE CORE,4.4,https://www.g2.com/products/bqe-core/reviews
645,Expensya,4.4,https://www.g2.com/products/expensya/reviews
646,FreshBooks,4.6,https://www.g2.com/products/freshbooks/reviews
647,Dext Prepare,4.5,https://www.g2.com/products/dext-prepare/reviews
648,TravelPerk,4.6,https://www.g2.com/products/travelperk/reviews
649,Emburse Nexonia,4.6,https://www.g2.com/products/emburse-nexonia/reviews
650,Emburse Chrome River Expense,4.4,https://www.g2.com/products/emburse-chrome-river-expense/reviews
651,PayEm,4.1,https://www.g2.com/products/payem/reviews
652,Paychex Flex,4.9,https://www.g2.com/products/paychex-flex/reviews
653,Oracle Essbase,4.2,https://www.g2.com/products/oracle-essbase/reviews
654,Mosaic Tech,4.3,https://www.g2.com/products/mosaic-tech/reviews
655,Jirav,4.8,https://www.g2.com/products/jirav/reviews
656,Causal,4.7,https://www.g2.com/products/causal/reviews
657,Jedox,4.7,https://www.g2.com/products/jedox/reviews
658,Cube Software,4.4,https://www.g2.com/products/cube-software/reviews
659,Celonis,4.7,https://www.g2.com/products/celonis/reviews
660,Pigment,4.6,https://www.g2.com/products/pigment/reviews
661,Oracle Narrative Reporting Cloud,4.7,https://www.g2.com/products/oracle-narrative-reporting-cloud/reviews
662,Fathom,3.9,https://www.g2.com/products/fathom/reviews
663,Limelight,4.3,https://www.g2.com/products/limelight/reviews
664,Infor F9,4.7,https://www.g2.com/products/infor-f9/reviews
665,PayPie,3.3,https://www.g2.com/products/paypie/reviews
666,Financial Statement Analysis,4,https://www.g2.com/products/financial-statement-analysis/reviews
667,Qvinci,4.3,https://www.g2.com/products/qvinci/reviews
668,XLCubed,3.4,https://www.g2.com/products/xlcubed/reviews
669,Abacum,4.9,https://www.g2.com/products/abacum/reviews
670,NetSuite Reporting in Excel,4.5,https://www.g2.com/products/netsuite-reporting-in-excel/reviews
671,Oracle Profitability and Cost Management Cloud,4.5,https://www.g2.com/products/oracle-profitability-and-cost-management-cloud/reviews
672,Budgyt,3.9,https://www.g2.com/products/budgyt/reviews
673,BusinessRadar,4.8,https://www.g2.com/products/businessradar/reviews
674,MindBridge,4.4,https://www.g2.com/products/mindbridge/reviews
675,PowerAnalytics,4.6,https://www.g2.com/products/poweranalytics/reviews
676,ProfitCents,4.1,https://www.g2.com/products/profitcents/reviews
677,D&B Finance Analytics,4.3,https://www.g2.com/products/d&b-finance-analytics/reviews
678,Finmark,4,https://www.g2.com/products/finmark/reviews
679,SIMPL,4.6,https://www.g2.com/products/simpl/reviews
680,Control Panel,4.6,https://www.g2.com/products/control-panel/reviews
681,FinAlyzer,4.3,https://www.g2.com/products/finalyzer/reviews
682,QQube,4.4,https://www.g2.com/products/qqube/reviews
683,Hubdoc,4,https://www.g2.com/products/hubdoc/reviews
684,DataSnipper,4.3,https://www.g2.com/products/datasnipper/reviews
685,AppZen,4.9,https://www.g2.com/products/appzen/reviews
686,MindBridge,3.9,https://www.g2.com/products/mindbridge/reviews
687,Xelix,4.6,https://www.g2.com/products/xelix/reviews
688,AdvanceFlow,4.7,https://www.g2.com/products/advanceflow/reviews
689,Suralink,3.5,https://www.g2.com/products/suralink/reviews
690,AuditFile,4.8,https://www.g2.com/products/auditfile/reviews
691,AuditDashboard,4.3,https://www.g2.com/products/auditdashboard/reviews
692,Smart Audit,4.7,https://www.g2.com/products/smart-audit/reviews
693,Audit Prodigy,4.8,https://www.g2.com/products/audit-prodigy/reviews
694,Tickmark,4.8,https://www.g2.com/products/tickmark/reviews
695,Auditi,4.6,https://www.g2.com/products/auditi/reviews
696,FinAlyzer,4.3,https://www.g2.com/products/finalyzer/reviews
697,FISCAL Technologies,4.4,https://www.g2.com/products/fiscal-technologies/reviews
698,ReKognize,4.8,https://www.g2.com/products/rekognize/reviews
699,AuditDesktop,4,https://www.g2.com/products/auditdesktop/reviews
700,networthsoft,4.3,https://www.g2.com/products/networthsoft/reviews
701,PRGX,4.3,https://www.g2.com/products/prgx/reviews
702,SIMETRIK,4.1,https://www.g2.com/products/simetrik/reviews
703,GreenLine,4.3,https://www.g2.com/products/greenline/reviews
704,PaymentKnox,4,https://www.g2.com/products/paymentknox/reviews
705,Widi,5,https://www.g2.com/products/widi/reviews
706,Cygnet Audit Compliance Solution,4,https://www.g2.com/products/cygnet-audit-compliance-solution/reviews
707,Stray Dot,0,https://www.g2.com/products/stray-dot/reviews
708,Supervizor,0,https://www.g2.com/products/supervizor/reviews
709,BlackLine,4.5,https://www.g2.com/products/blackline/reviews
710,FloQast,4.8,https://www.g2.com/products/floqast/reviews
711,Vena,4.5,https://www.g2.com/products/vena/reviews
712,Prophix Software,4.4,https://www.g2.com/products/prophix-software/reviews
713,Workiva,4.6,https://www.g2.com/products/workiva/reviews
714,Adra,4.6,https://www.g2.com/products/adra/reviews
715,OneStream,4.4,https://www.g2.com/products/onestream/reviews
716,Planful,4.3,https://www.g2.com/products/planful/reviews
717,Redwood Software,4.6,https://www.g2.com/products/redwood-software/reviews
718,CCH Tagetik,4.3,https://www.g2.com/products/cch-tagetik/reviews
719,Axiom by Syntellis Performance Solutions,4.3,https://www.g2.com/products/axiom-by-syntellis-performance-solutions/reviews
720,Cube Software,4.7,https://www.g2.com/products/cube-software/reviews
721,IBM Cognos Controller,3.9,https://www.g2.com/products/ibm-cognos-controller/reviews
722,Board,4.4,https://www.g2.com/products/board/reviews
723,Oracle Financial Consolidation and Close,4,https://www.g2.com/products/oracle-financial-consolidation-and-close/reviews
724,SAP Business Planning and Consolidation (BPC),4.1,https://www.g2.com/products/sap-business-planning-and-consolidation-(bpc)/reviews
725,LucaNet,4.7,https://www.g2.com/products/lucanet/reviews
726,SAP Financial Consolidation,4.4,https://www.g2.com/products/sap-financial-consolidation/reviews
727,AICO,4.8,https://www.g2.com/products/aico/reviews
728,Cadency,4.3,https://www.g2.com/products/cadency/reviews
729,Datarails,4.9,https://www.g2.com/products/datarails/reviews
730,Longview,4.2,https://www.g2.com/products/longview/reviews
731,SAP S/4HANA Cloud for advanced financial closing,4.1,https://www.g2.com/products/sap-s/4hana-cloud-for-advanced-financial-closing/reviews
732,FinAlyzer,4.4,https://www.g2.com/products/finalyzer/reviews
733,ReconArt,3.3,https://www.g2.com/products/reconart/reviews
734,SAP Financial Closing Cockpit,4.2,https://www.g2.com/products/sap-financial-closing-cockpit/reviews
735,Catalyst,4.5,https://www.g2.com/products/catalyst/reviews
736,Fluence Technologies,5,https://www.g2.com/products/fluence-technologies/reviews
737,Hubble,4.6,https://www.g2.com/products/hubble/reviews
738,JustPerform Management Consolidation,4.3,https://www.g2.com/products/justperform-management-consolidation/reviews
739,Payactiv,4.7,https://www.g2.com/products/payactiv/reviews
740,Asset-Map,4.9,https://www.g2.com/products/asset-map/reviews
741,Paytient,4.9,https://www.g2.com/products/paytient/reviews
742,Peanut Butter,4.9,https://www.g2.com/products/peanut-butter/reviews
743,Branch,4.7,https://www.g2.com/products/branch/reviews
744,Spring,4.9,https://www.g2.com/products/spring/reviews
745,Wisely by ADP,3.6,https://www.g2.com/products/wisely-by-adp/reviews
746,Savology,4.9,https://www.g2.com/products/savology/reviews
747,DailyPay,4.6,https://www.g2.com/products/dailypay/reviews
748,Tapcheck,4.6,https://www.g2.com/products/tapcheck/reviews
749,FinFit,4.8,https://www.g2.com/products/finfit/reviews
750,LearnLux,4.8,https://www.g2.com/products/learnlux/reviews
751,Questis,4,https://www.g2.com/products/questis/reviews
752,ZayZoon,4.7,https://www.g2.com/products/zayzoon/reviews
753,Earnin,4.5,https://www.g2.com/products/earnin/reviews
754,HelloWallet,5,https://www.g2.com/products/hellowallet/reviews
755,OrbisPay,5,https://www.g2.com/products/orbispay/reviews
756,Rain,5,https://www.g2.com/products/rain/reviews
757,Salary Finance,5,https://www.g2.com/products/salary-finance/reviews
758,AdviceGames,0,https://www.g2.com/products/advicegames/reviews
759,Best Money Moves,0,https://www.g2.com/products/best-money-moves/reviews
760,BrightDime,0,https://www.g2.com/products/brightdime/reviews
761,Brightside,0,https://www.g2.com/products/brightside/reviews
762,CommonBend,0,https://www.g2.com/products/commonbend/reviews
763,Digital Onboarding Platform,0,https://www.g2.com/products/digital-onboarding-platform/reviews
764,edukate,0,https://www.g2.com/products/edukate/reviews
765,Enrich,0,https://www.g2.com/products/enrich/reviews
766,Financial Alliance,0,https://www.g2.com/products/financial-alliance/reviews
767,Financial Fitness Group,0,https://www.g2.com/products/financial-fitness-group/reviews
768,FlexWage,0,https://www.g2.com/products/flexwage/reviews
769,Corpay Cross-Border,5,https://www.g2.com/products/corpay-cross-border/reviews
770,CurrencyXchanger,5,https://www.g2.com/products/currencyxchanger/reviews
771,Bound,5,https://www.g2.com/products/bound/reviews
772,eMoneyexchangesoft,5,https://www.g2.com/products/emoneyexchangesoft/reviews
773,FxPro,5,https://www.g2.com/products/fxpro/reviews
774,OFX,5,https://www.g2.com/products/ofx/reviews
775,Paysera,5,https://www.g2.com/products/paysera/reviews
776,qtimefx,5,https://www.g2.com/products/qtimefx/reviews
777,Refinitiv FX Trading,5,https://www.g2.com/products/refinitiv-fx-trading/reviews
778,TraderTools,5,https://www.g2.com/products/tradertools/reviews
779,AFEXDirect,0,https://www.g2.com/products/afexdirect/reviews
780,Banking Circle Real-time FX,0,https://www.g2.com/products/banking-circle-real-time-fx/reviews
781,Biz4x,0,https://www.g2.com/products/biz4x/reviews
782,Broadridge Foreign Exchange Trade Processing,0,https://www.g2.com/products/broadridge-foreign-exchange-trade-processing/reviews
783,Broadridge FX,0,https://www.g2.com/products/broadridge-fx/reviews
784,Conotoxia,0,https://www.g2.com/products/conotoxia/reviews
785,Currencylayer,0,https://www.g2.com/products/currencylayer/reviews
786,CurrencyTransfer,0,https://www.g2.com/products/currencytransfer/reviews
787,Currenex,0,https://www.g2.com/products/currenex/reviews
788,CXI,0,https://www.g2.com/products/cxi/reviews
789,Datasoft FxOffice,0,https://www.g2.com/products/datasoft-fxoffice/reviews
790,DCS Foreign Currency Exchange,0,https://www.g2.com/products/dcs-foreign-currency-exchange/reviews
791,e2eFX,0,https://www.g2.com/products/e2efx/reviews
792,EGAR Focus,0,https://www.g2.com/products/egar-focus/reviews
793,Exchange on Net,0,https://www.g2.com/products/exchange-on-net/reviews
794,fixer.io,0,https://www.g2.com/products/fixer.io/reviews
795,FX gateway health assessor,0,https://www.g2.com/products/fx-gateway-health-assessor/reviews
796,FX Grid,0,https://www.g2.com/products/fx-grid/reviews
797,Fxloader,0,https://www.g2.com/products/fxloader/reviews
798,FX STAR,0,https://www.g2.com/products/fx-star/reviews
799,SAP Concur,0,https://www.g2.com/products/sap-concur/reviews
800,Airbase,4,https://www.g2.com/products/airbase/reviews
801,Bill.com,4.8,https://www.g2.com/products/bill.com/reviews
802,Stampli,4.4,https://www.g2.com/products/stampli/reviews
803,Spendesk,4.8,https://www.g2.com/products/spendesk/reviews
804,Beanworks AP Automation,4.7,https://www.g2.com/products/beanworks-ap-automation/reviews
805,Melio,4.6,https://www.g2.com/products/melio/reviews
806,AvidXchange,4.7,https://www.g2.com/products/avidxchange/reviews
807,Webexpenses,4.4,https://www.g2.com/products/webexpenses/reviews
808,TallyPrime,4.5,https://www.g2.com/products/tallyprime/reviews
809,Pleo,4.4,https://www.g2.com/products/pleo/reviews
810,Tipalti,4.9,https://www.g2.com/products/tipalti/reviews
811,Plate IQ,4.3,https://www.g2.com/products/plate-iq/reviews
812,SAP Ariba,4.5,https://www.g2.com/products/sap-ariba/reviews
813,Open,3.9,https://www.g2.com/products/open/reviews
814,Keap,4.9,https://www.g2.com/products/keap/reviews
815,Medius,4.2,https://www.g2.com/products/medius/reviews
816,Vic.ai,4.6,https://www.g2.com/products/vic.ai/reviews
817,MineralTree,4.9,https://www.g2.com/products/mineraltree/reviews
818,Checkbook,4.6,https://www.g2.com/products/checkbook/reviews
819,Basware,4.6,https://www.g2.com/products/basware/reviews
820,Yooz,3.8,https://www.g2.com/products/yooz/reviews
821,Emburse Chrome River Invoice,4.5,https://www.g2.com/products/emburse-chrome-river-invoice/reviews
822,Coupa Invoice,4.4,https://www.g2.com/products/coupa-invoice/reviews
823,BlueSnap Accounts Receivable Automation,4.2,https://www.g2.com/products/bluesnap-accounts-receivable-automation/reviews
824,Order,4.7,https://www.g2.com/products/order/reviews
825,MoneyBird,4.5,https://www.g2.com/products/moneybird/reviews
826,HoneyBook,4.7,https://www.g2.com/products/honeybook/reviews
827,Compleat Software,4.4,https://www.g2.com/products/compleat-software/reviews
828,Anybill,4.5,https://www.g2.com/products/anybill/reviews
829,Zoho Expense,4.3,https://www.g2.com/products/zoho-expense/reviews
830,Fyle,4.5,https://www.g2.com/products/fyle/reviews
831,Motus,4.6,https://www.g2.com/products/motus/reviews
832,Cardata,4.4,https://www.g2.com/products/cardata/reviews
833,TripLog,4.5,https://www.g2.com/products/triplog/reviews
834,ExpensePoint,4.8,https://www.g2.com/products/expensepoint/reviews
835,Everlance,4.8,https://www.g2.com/products/everlance/reviews
836,MileIQ,4,https://www.g2.com/products/mileiq/reviews
837,Timeero,4,https://www.g2.com/products/timeero/reviews
838,Hurdlr,4.9,https://www.g2.com/products/hurdlr/reviews
839,SureMileage,4.5,https://www.g2.com/products/suremileage/reviews
840,Veryfi Receipts OCR & Expenses,5,https://www.g2.com/products/veryfi-receipts-ocr-&-expenses/reviews
841,Kliks Mileage Reimbursment,4.7,https://www.g2.com/products/kliks-mileage-reimbursment/reviews
842,Psngr,5,https://www.g2.com/products/psngr/reviews
843,Driversnote,4.3,https://www.g2.com/products/driversnote/reviews
844,Expend,4.5,https://www.g2.com/products/expend/reviews
845,Mileage Trakker,4.6,https://www.g2.com/products/mileage-trakker/reviews
846,MileageWise IRS-Proof Mileage Log Web Dashboard and Mileage Tracker App,4.3,https://www.g2.com/products/mileagewise-irs-proof-mileage-log-web-dashboard-and-mileage-tracker-app/reviews
847,Selenity Expenses,4.8,https://www.g2.com/products/selenity-expenses/reviews
848,Street Smart Mobile,5,https://www.g2.com/products/street-smart-mobile/reviews
849,AutoReimbursement.com,3.8,https://www.g2.com/products/autoreimbursement.com/reviews
850,MileCatcher,3.8,https://www.g2.com/products/milecatcher/reviews
851,MILO Mileage Tracker and Expense Log,3,https://www.g2.com/products/milo-mileage-tracker-and-expense-log/reviews
852,timr,5,https://www.g2.com/products/timr/reviews
853,Accrualify Spend Management Platform,2.8,https://www.g2.com/products/accrualify-spend-management-platform/reviews
854,Dice,4,https://www.g2.com/products/dice/reviews
855,Free Logbook,0,https://www.g2.com/products/free-logbook/reviews
856,Karooooo,0,https://www.g2.com/products/karooooo/reviews
857,Logbook HQ,0,https://www.g2.com/products/logbook-hq/reviews
858,MileageWIZ,0,https://www.g2.com/products/mileagewiz/reviews
859,Remote,4.5,https://www.g2.com/products/remote/reviews
860,Pilot,4.6,https://www.g2.com/products/pilot/reviews
861,Deel,4.1,https://www.g2.com/products/deel/reviews
862,ADP GlobalView Payroll,4.3,https://www.g2.com/products/adp-globalview-payroll/reviews
863,Ceridian Dayforce,4.2,https://www.g2.com/products/ceridian-dayforce/reviews
864,Multiplier,4.7,https://www.g2.com/products/multiplier/reviews
865,Workday HCM,4,https://www.g2.com/products/workday-hcm/reviews
866,Mercans HR Blizz,4.8,https://www.g2.com/products/mercans-hr-blizz/reviews
867,ADP Global Payroll,4.1,https://www.g2.com/products/adp-global-payroll/reviews
868,Oracle PeopleSoft,3.7,https://www.g2.com/products/oracle-peoplesoft/reviews
869,SAP SuccessFactors Core HR and Payroll,4.2,https://www.g2.com/products/sap-successfactors-core-hr-and-payroll/reviews
870,Oyster,4.1,https://www.g2.com/products/oyster/reviews
871,ADP Vantage HCM,3.9,https://www.g2.com/products/adp-vantage-hcm/reviews
872,Immedis,4,https://www.g2.com/products/immedis/reviews
873,Blue Marble Global Payroll,4.3,https://www.g2.com/products/blue-marble-global-payroll/reviews
874,Unit4 ERP,3.7,https://www.g2.com/products/unit4-erp/reviews
875,Ramco HCM,3.6,https://www.g2.com/products/ramco-hcm/reviews
876,Papaya Global,4.3,https://www.g2.com/products/papaya-global/reviews
877,CloudPay,4.1,https://www.g2.com/products/cloudpay/reviews
878,Skuad,4.9,https://www.g2.com/products/skuad/reviews
879,WorkMotion Platform,3.9,https://www.g2.com/products/workmotion-platform/reviews
880,Velocity Global Work Platform,4.8,https://www.g2.com/products/velocity-global-work-platform/reviews
881,ADP Celergo,4,https://www.g2.com/products/adp-celergo/reviews
882,CorePay,4.5,https://www.g2.com/products/corepay/reviews
883,iiPAY,5,https://www.g2.com/products/iipay/reviews
884,Ontop,4.5,https://www.g2.com/products/ontop/reviews
885,SD Worx,3,https://www.g2.com/products/sd-worx/reviews
886,activ8,0,https://www.g2.com/products/activ8/reviews
887,Fiducia,0,https://www.g2.com/products/fiducia/reviews
888,International Expansion,0,https://www.g2.com/products/international-expansion/reviews
889,Quicken,4.2,https://www.g2.com/products/quicken/reviews
890,Buxfer,4.6,https://www.g2.com/products/buxfer/reviews
891,CCH Intelliconnect,4.5,https://www.g2.com/products/cch-intelliconnect/reviews
892,Creditsafe,4.1,https://www.g2.com/products/creditsafe/reviews
893,TractionTools,4.2,https://www.g2.com/products/tractiontools/reviews
894,MoneyGuidePro,4.1,https://www.g2.com/products/moneyguidepro/reviews
895,Amazing Marvin,4.8,https://www.g2.com/products/amazing-marvin/reviews
896,DocuWiz,4,https://www.g2.com/products/docuwiz/reviews
897,Fixed Assets CS,4.3,https://www.g2.com/products/fixed-assets-cs/reviews
898,Nubank,4.9,https://www.g2.com/products/nubank/reviews
899,DashBook,4.6,https://www.g2.com/products/dashbook/reviews
900,Logix Financial Planning,3.8,https://www.g2.com/products/logix-financial-planning/reviews
901,SWELLEnterprise,4,https://www.g2.com/products/swellenterprise/reviews
902,ApprovalMax,3.5,https://www.g2.com/products/approvalmax/reviews
903,AutoEntry,3.7,https://www.g2.com/products/autoentry/reviews
904,Broadridge Advisor Portal,4,https://www.g2.com/products/broadridge-advisor-portal/reviews
905,Khatabook,4.7,https://www.g2.com/products/khatabook/reviews
906,MIMO,4.6,https://www.g2.com/products/mimo/reviews
907,Quickbook Synchronizer,3.9,https://www.g2.com/products/quickbook-synchronizer/reviews
908,ReadSoft,2.8,https://www.g2.com/products/readsoft/reviews
909,Moxy,4.3,https://www.g2.com/products/moxy/reviews
910,MS Project Jira Connector,4.5,https://www.g2.com/products/ms-project-jira-connector/reviews
911,Publish Interactive,4,https://www.g2.com/products/publish-interactive/reviews
912,Uncat,4.8,https://www.g2.com/products/uncat/reviews
913,Credit Scoring,3.8,https://www.g2.com/products/credit-scoring/reviews
914,FICO Score XD,4.8,https://www.g2.com/products/fico-score-xd/reviews
915,Flux,4.8,https://www.g2.com/products/flux/reviews
916,FXCM,4.5,https://www.g2.com/products/fxcm/reviews
917,Paid,4.5,https://www.g2.com/products/paid/reviews
918,SaasAnt Transactions (Online),4.5,https://www.g2.com/products/saasant-transactions-(online)/reviews
919,TransferWise,4.4,https://www.g2.com/products/transferwise/reviews
920,Sila,4.8,https://www.g2.com/products/sila/reviews
921,Veem,4.2,https://www.g2.com/products/veem/reviews
922,Remitly,4.2,https://www.g2.com/products/remitly/reviews
923,Plooto,4.4,https://www.g2.com/products/plooto/reviews
924,TransferWise for Business,3.9,https://www.g2.com/products/transferwise-for-business/reviews
925,TRANSFERGO,5,https://www.g2.com/products/transfergo/reviews
926,Azimo,5,https://www.g2.com/products/azimo/reviews
927,Money Transfer System,4,https://www.g2.com/products/money-transfer-system/reviews
928,mPayX - Money Transfer Software,4.5,https://www.g2.com/products/mpayx---money-transfer-software/reviews
929,OFX,4.5,https://www.g2.com/products/ofx/reviews
930,Paysera,4,https://www.g2.com/products/paysera/reviews
931,Vayupay,5,https://www.g2.com/products/vayupay/reviews
932,Almond Finance,2.5,https://www.g2.com/products/almond-finance/reviews
933,Artsyl RemittanceAction,0,https://www.g2.com/products/artsyl-remittanceaction/reviews
934,Aspire,0,https://www.g2.com/products/aspire/reviews
935,Blockchain Powered Money Transfer app Script,0,https://www.g2.com/products/blockchain-powered-money-transfer-app-script/reviews
936,Canopus Remittance,0,https://www.g2.com/products/canopus-remittance/reviews
937,ControlMoney,0,https://www.g2.com/products/controlmoney/reviews
938,Currency Remit App,0,https://www.g2.com/products/currency-remit-app/reviews
939,Cyrus Recharge,0,https://www.g2.com/products/cyrus-recharge/reviews
940,FINSYNC,0,https://www.g2.com/products/finsync/reviews
941,Finxera,0,https://www.g2.com/products/finxera/reviews
942,Fleetcor,0,https://www.g2.com/products/fleetcor/reviews
943,Girmiti,0,https://www.g2.com/products/girmiti/reviews
944,GSLFX,0,https://www.g2.com/products/gslfx/reviews
945,iRemit,0,https://www.g2.com/products/iremit/reviews
946,iRemitfy,0,https://www.g2.com/products/iremitfy/reviews
947,Money Mover,0,https://www.g2.com/products/money-mover/reviews
948,Money Remit,0,https://www.g2.com/products/money-remit/reviews
949,NetSuite,3.9,https://www.g2.com/products/netsuite/reviews
950,Sage Intacct,4.3,https://www.g2.com/products/sage-intacct/reviews
951,Chargebee,4.6,https://www.g2.com/products/chargebee/reviews
952,Workday Financial Management,3.9,https://www.g2.com/products/workday-financial-management/reviews
953,FinancialForce Financial Management ERP,3.9,https://www.g2.com/products/financialforce-financial-management-erp/reviews
954,Enable Rebate Management,4.4,https://www.g2.com/products/enable-rebate-management/reviews
955,Oracle Revenue Management Cloud,4.1,https://www.g2.com/products/oracle-revenue-management-cloud/reviews
956,Accounting Seed,4,https://www.g2.com/products/accounting-seed/reviews
957,Workday Revenue Management,3.9,https://www.g2.com/products/workday-revenue-management/reviews
958,Zuora Revenue (formerly RevPro),4.2,https://www.g2.com/products/zuora-revenue-(formerly-revpro)/reviews
959,SAP Revenue Recognition,3.9,https://www.g2.com/products/sap-revenue-recognition/reviews
960,Multiview ERP,4.8,https://www.g2.com/products/multiview-erp/reviews
961,SOFTRAX,3.8,https://www.g2.com/products/softrax/reviews
962,Conga Revenue Management,4.2,https://www.g2.com/products/conga-revenue-management/reviews
963,Government Pricing (GP),4.3,https://www.g2.com/products/government-pricing-(gp)/reviews
964,Computron,4.3,https://www.g2.com/products/computron/reviews
965,Flintfox,4,https://www.g2.com/products/flintfox/reviews
966,Aptitude RevStream,4,https://www.g2.com/products/aptitude-revstream/reviews
967,ARCS 2G,3.5,https://www.g2.com/products/arcs-2g/reviews
968,FinPal,4.2,https://www.g2.com/products/finpal/reviews
969,Cube RM,4.8,https://www.g2.com/products/cube-rm/reviews
970,Flowrev,5,https://www.g2.com/products/flowrev/reviews
971,iNovah,4,https://www.g2.com/products/inovah/reviews
972,ModelN,4.5,https://www.g2.com/products/modeln/reviews
973,ZIRA Convergent Billing,4.5,https://www.g2.com/products/zira-convergent-billing/reviews
974,ContractNet,4.5,https://www.g2.com/products/contractnet/reviews
975,CSG Ascendon,4.5,https://www.g2.com/products/csg-ascendon/reviews
976,Cube RM CPQ,4.5,https://www.g2.com/products/cube-rm-cpq/reviews
977,Dinvy,5,https://www.g2.com/products/dinvy/reviews
978,Insights2Go,4,https://www.g2.com/products/insights2go/reviews
979,Avalara,3.9,https://www.g2.com/products/avalara/reviews
980,TaxJar,4.7,https://www.g2.com/products/taxjar/reviews
981,Vertex,4.1,https://www.g2.com/products/vertex/reviews
982,Webgility,4.5,https://www.g2.com/products/webgility/reviews
983,DAVO Sales Tax,4.9,https://www.g2.com/products/davo-sales-tax/reviews
984,Paddle,4.5,https://www.g2.com/products/paddle/reviews
985,FastSpring,4.5,https://www.g2.com/products/fastspring/reviews
986,Sovos,4.2,https://www.g2.com/products/sovos/reviews
987,LOVAT,4.8,https://www.g2.com/products/lovat/reviews
988,Quaderno,4.8,https://www.g2.com/products/quaderno/reviews
989,Thomson Reuters ONESOURCE,3.7,https://www.g2.com/products/thomson-reuters-onesource/reviews
990,SafeSend,3.9,https://www.g2.com/products/safesend/reviews
991,CCH® SureTax® Platform,3.1,https://www.g2.com/products/cch®-suretax®-platform/reviews
992,TaxCloud,2.6,https://www.g2.com/products/taxcloud/reviews
993,Anrok,5,https://www.g2.com/products/anrok/reviews
994,Taxamo by Vertex,3.8,https://www.g2.com/products/taxamo-by-vertex/reviews
995,EXEMPTAX,5,https://www.g2.com/products/exemptax/reviews
996,Sovos Taxify,4.8,https://www.g2.com/products/sovos-taxify/reviews
997,Transaction Cloud,5,https://www.g2.com/products/transaction-cloud/reviews
998,Sales Tax DataLINK,4.8,https://www.g2.com/products/sales-tax-datalink/reviews
999,SAP Tax Compliance,4.5,https://www.g2.com/products/sap-tax-compliance/reviews
1000,Taxmann,4.5,https://www.g2.com/products/taxmann/reviews
1001,VATBox,4,https://www.g2.com/products/vatbox/reviews
1002,Accelerated GST,4.1,https://www.g2.com/products/accelerated-gst/reviews
1003,AccurateTax TaxTools,0,https://www.g2.com/products/accuratetax-taxtools/reviews
1004,Clear,0,https://www.g2.com/products/clear/reviews
1005,Compliance Tracker,0,https://www.g2.com/products/compliance-tracker/reviews
1006,ComplYant,0,https://www.g2.com/products/complyant/reviews
1007,Digital River,0,https://www.g2.com/products/digital-river/reviews
1008,Fonoa Tax,5,https://www.g2.com/products/fonoa-tax/reviews
1009,SAP Treasury and Risk Management,4.4,https://www.g2.com/products/sap-treasury-and-risk-management/reviews
1010,GTreasury,3.9,https://www.g2.com/products/gtreasury/reviews
1011,Kyriba,4.2,https://www.g2.com/products/kyriba/reviews
1012,DocFinance,3.8,https://www.g2.com/products/docfinance/reviews
1013,MbOX,3.9,https://www.g2.com/products/mbox/reviews
1014,Bottomline GT Suite,4.5,https://www.g2.com/products/bottomline-gt-suite/reviews
1015,Treasury Suite cash managment software,4.5,https://www.g2.com/products/treasury-suite-cash-managment-software/reviews
1016,CashAnalytics,4.5,https://www.g2.com/products/cashanalytics/reviews
1017,Nomentia Cash and Treasury Management Solutions,4.6,https://www.g2.com/products/nomentia-cash-and-treasury-management-solutions/reviews
1018,Trovata,4.8,https://www.g2.com/products/trovata/reviews
1019,Visual Risk,4.5,https://www.g2.com/products/visual-risk/reviews
1020,Calypso Treasury & Liquidity,4,https://www.g2.com/products/calypso-treasury-&-liquidity/reviews
1021,MX.3,4.3,https://www.g2.com/products/mx.3/reviews
1022,Openlink,3.7,https://www.g2.com/products/openlink/reviews
1023,Seventh Dimension,5,https://www.g2.com/products/seventh-dimension/reviews
1024,SymPro,5,https://www.g2.com/products/sympro/reviews
1025,TreasuryXpress,4.5,https://www.g2.com/products/treasuryxpress/reviews
1026,AccessPay Platform,0,https://www.g2.com/products/accesspay-platform/reviews
1027,Agiletics CAMS,0,https://www.g2.com/products/agiletics-cams/reviews
1028,ATOM Treasury and Risk,0,https://www.g2.com/products/atom-treasury-and-risk/reviews
1029,Banclogix,0,https://www.g2.com/products/banclogix/reviews
1030,Bank Rec,0,https://www.g2.com/products/bank-rec/reviews
1031,Bottomline Webseries for Digital Treasury Management,0,https://www.g2.com/products/bottomline-webseries-for-digital-treasury-management/reviews
1032,Broadridge Cash Management,0,https://www.g2.com/products/broadridge-cash-management/reviews
1033,C2Treasury,0,https://www.g2.com/products/c2treasury/reviews
1034,CAPIX,0,https://www.g2.com/products/capix/reviews
1035,CashSolutions,0,https://www.g2.com/products/cashsolutions/reviews
1036,CashValue,0,https://www.g2.com/products/cashvalue/reviews
1037,Cegid Treasury,0,https://www.g2.com/products/cegid-treasury/reviews
1038,Centtrip,4.5,https://www.g2.com/products/centtrip/reviews
1039,Databricks Lakehouse Platform,4.8,https://www.g2.com/products/databricks-lakehouse-platform/reviews
1040,V7,4.8,https://www.g2.com/products/v7/reviews
1041,Valohai,4.7,https://www.g2.com/products/valohai/reviews
1042,Gurobi Optimizer,4.6,https://www.g2.com/products/gurobi-optimizer/reviews
1043,Neptune.ai,4.4,https://www.g2.com/products/neptune.ai/reviews
1044,Algorithmia,3.9,https://www.g2.com/products/algorithmia/reviews
1045,Comet.ml,4.3,https://www.g2.com/products/comet.ml/reviews
1046,MLOps,4.5,https://www.g2.com/products/mlops/reviews
1047,InRule,4.3,https://www.g2.com/products/inrule/reviews
1048,MLJAR,4.4,https://www.g2.com/products/mljar/reviews
1049,Determined AI,4.9,https://www.g2.com/products/determined-ai/reviews
1050,DVC,4.5,https://www.g2.com/products/dvc/reviews
1051,Domino,4.5,https://www.g2.com/products/domino/reviews
1052,Mona,4.4,https://www.g2.com/products/mona/reviews
1053,Cortex Certifai,4.6,https://www.g2.com/products/cortex-certifai/reviews
1054,UbiOps,4.8,https://www.g2.com/products/ubiops/reviews
1055,Weights & Biases,4.5,https://www.g2.com/products/weights-&-biases/reviews
1056,IBM Spectrum Conductor Deep Learning Impact (DLI),4.1,https://www.g2.com/products/ibm-spectrum-conductor-deep-learning-impact-(dli)/reviews
1057,IBM Watson Studio,4.5,https://www.g2.com/products/ibm-watson-studio/reviews
1058,Iterative.ai,4.3,https://www.g2.com/products/iterative.ai/reviews
1059,Aporia,4.3,https://www.g2.com/products/aporia/reviews
1060,Datatron,4.6,https://www.g2.com/products/datatron/reviews
1061,Devo,4.3,https://www.g2.com/products/devo/reviews
1062,Hopsworks,3.8,https://www.g2.com/products/hopsworks/reviews
1063,Pachyderm,4,https://www.g2.com/products/pachyderm/reviews
1064,SAS Model Manager,3.8,https://www.g2.com/products/sas-model-manager/reviews
1065,Veritone Automate Studio,4.5,https://www.g2.com/products/veritone-automate-studio/reviews
1066,Xyonix,5,https://www.g2.com/products/xyonix/reviews
1067,Abzu,4,https://www.g2.com/products/abzu/reviews
1068,AIQ,4.5,https://www.g2.com/products/aiq/reviews
1069,NVIDIA Deep Learning GPU Training System (DIGITS),4.6,https://www.g2.com/products/nvidia-deep-learning-gpu-training-system-(digits)/reviews
1070,Keras,4.2,https://www.g2.com/products/keras/reviews
1071,Knet,4.2,https://www.g2.com/products/knet/reviews
1072,Microsoft Cognitive Toolkit (Formerly CNTK),4.4,https://www.g2.com/products/microsoft-cognitive-toolkit-(formerly-cntk)/reviews
1073,Torch,4,https://www.g2.com/products/torch/reviews
1074,TFLearn,3.6,https://www.g2.com/products/tflearn/reviews
1075,Merlin,4.3,https://www.g2.com/products/merlin/reviews
1076,Clarifai,4.1,https://www.g2.com/products/clarifai/reviews
1077,DeepPy,4.3,https://www.g2.com/products/deeppy/reviews
1078,Google Cloud Deep Learning Containers,4.8,https://www.g2.com/products/google-cloud-deep-learning-containers/reviews
1079,Neuton AutoML,4.6,https://www.g2.com/products/neuton-automl/reviews
1080,SuperLearner,3.3,https://www.g2.com/products/superlearner/reviews
1081,Caffe,3.9,https://www.g2.com/products/caffe/reviews
1082,Chainer,5,https://www.g2.com/products/chainer/reviews
1083,ConvNetJS,3.9,https://www.g2.com/products/convnetjs/reviews
1084,SHARK,3.8,https://www.g2.com/products/shark/reviews
1085,Swift Brain,4.5,https://www.g2.com/products/swift-brain/reviews
1086,BrainCore,5,https://www.g2.com/products/braincore/reviews
1087,Fido,4.3,https://www.g2.com/products/fido/reviews
1088,node-fann,3.3,https://www.g2.com/products/node-fann/reviews
1089,RustNN,4.5,https://www.g2.com/products/rustnn/reviews
1090,Swift AI,4,https://www.g2.com/products/swift-ai/reviews
1091,AForge.MachineLearning,5,https://www.g2.com/products/aforge.machinelearning/reviews
1092,Darknet,5,https://www.g2.com/products/darknet/reviews
1093,gobrain,5,https://www.g2.com/products/gobrain/reviews
1094,Neurolab,4.5,https://www.g2.com/products/neurolab/reviews
1095,NVIDIA Deep Learning AMI,4.3,https://www.g2.com/products/nvidia-deep-learning-ami/reviews
1096,SwiftLearner,5,https://www.g2.com/products/swiftlearner/reviews
1097,Accord.NET,4.5,https://www.g2.com/products/accord.net/reviews
1098,AIToolbox,4.9,https://www.g2.com/products/aitoolbox/reviews
1099,Qualified,4.4,https://www.g2.com/products/qualified/reviews
1100,IBM Watson Assistant,4.6,https://www.g2.com/products/ibm-watson-assistant/reviews
1101,ManyChat,4.5,https://www.g2.com/products/manychat/reviews
1102,Haptik,4.7,https://www.g2.com/products/haptik/reviews
1103,Verloop.io,4.5,https://www.g2.com/products/verloop.io/reviews
1104,yellow.ai,4.7,https://www.g2.com/products/yellow.ai/reviews
1105,TARS,4.6,https://www.g2.com/products/tars/reviews
1106,Mindsay,4.6,https://www.g2.com/products/mindsay/reviews
1107,IDETA,4.9,https://www.g2.com/products/ideta/reviews
1108,ChatFunnels,4.6,https://www.g2.com/products/chatfunnels/reviews
1109,Chatfuel,4.7,https://www.g2.com/products/chatfuel/reviews
1110,Spectrm,4.3,https://www.g2.com/products/spectrm/reviews
1111,Google Cloud Dialogflow,4,https://www.g2.com/products/google-cloud-dialogflow/reviews
1112,ServiceNow Now Platform,4.5,https://www.g2.com/products/servicenow-now-platform/reviews
1113,Rulai,4.6,https://www.g2.com/products/rulai/reviews
1114,Azure QnA Maker API,4.7,https://www.g2.com/products/azure-qna-maker-api/reviews
1115,SnatchBot,4.7,https://www.g2.com/products/snatchbot/reviews
1116,e-bot7,4.3,https://www.g2.com/products/e-bot7/reviews
1117,Amazon Lex,4.6,https://www.g2.com/products/amazon-lex/reviews
1118,MindBehind,4.5,https://www.g2.com/products/mindbehind/reviews
1119,ChatBot,4.4,https://www.g2.com/products/chatbot/reviews
1120,Engagely.ai,4.6,https://www.g2.com/products/engagely.ai/reviews
1121,CBOT,4,https://www.g2.com/products/cbot/reviews
1122,Azure Bot Service,4.8,https://www.g2.com/products/azure-bot-service/reviews
1123,Joonbot Chatbot Builder,4.6,https://www.g2.com/products/joonbot-chatbot-builder/reviews
1124,SAP Conversational AI,4.9,https://www.g2.com/products/sap-conversational-ai/reviews
1125,Rep.ai,3.6,https://www.g2.com/products/rep.ai/reviews
1126,BotStar,4.7,https://www.g2.com/products/botstar/reviews
1127,Collect.chat,3.6,https://www.g2.com/products/collect.chat/reviews
1128,Odus,4.4,https://www.g2.com/products/odus/reviews
1129,Intercom,4.3,https://www.g2.com/products/intercom/reviews
1130,Zendesk Support Suite,4.7,https://www.g2.com/products/zendesk-support-suite/reviews
1131,Tidio,4.9,https://www.g2.com/products/tidio/reviews
1132,Qualified,4.9,https://www.g2.com/products/qualified/reviews
1133,MobileMonkey,4.4,https://www.g2.com/products/mobilemonkey/reviews
1134,Drift,4.8,https://www.g2.com/products/drift/reviews
1135,Birdeye,4.7,https://www.g2.com/products/birdeye/reviews
1136,Appy Pie,4.7,https://www.g2.com/products/appy-pie/reviews
1137,Landbot,4.7,https://www.g2.com/products/landbot/reviews
1138,Verloop.io,4.6,https://www.g2.com/products/verloop.io/reviews
1139,Ada,4.4,https://www.g2.com/products/ada/reviews
1140,Freshchat,4.6,https://www.g2.com/products/freshchat/reviews
1141,Sense,4.5,https://www.g2.com/products/sense/reviews
1142,Aivo,4.7,https://www.g2.com/products/aivo/reviews
1143,TARS,4.8,https://www.g2.com/products/tars/reviews
1144,Outgrow,4.5,https://www.g2.com/products/outgrow/reviews
1145,Qlik Sense,4.6,https://www.g2.com/products/qlik-sense/reviews
1146,WATI,4.9,https://www.g2.com/products/wati/reviews
1147,ChatFunnels,4.5,https://www.g2.com/products/chatfunnels/reviews
1148,Solvvy,4.8,https://www.g2.com/products/solvvy/reviews
1149,Zowie,4.8,https://www.g2.com/products/zowie/reviews
1150,Boost.ai,4.9,https://www.g2.com/products/boost.ai/reviews
1151,Jetlink Conversational AI Platform,4.4,https://www.g2.com/products/jetlink-conversational-ai-platform/reviews
1152,Terminus ABM Platform,4.6,https://www.g2.com/products/terminus-abm-platform/reviews
1153,WotNot,4.4,https://www.g2.com/products/wotnot/reviews
1154,Botmaker,4.5,https://www.g2.com/products/botmaker/reviews
1155,Rulai,4.4,https://www.g2.com/products/rulai/reviews
1156,Userlike,4.5,https://www.g2.com/products/userlike/reviews
1157,Typeform,4.3,https://www.g2.com/products/typeform/reviews
1158,Helpshift,4.9,https://www.g2.com/products/helpshift/reviews
1159,SuperAnnotate,4.8,https://www.g2.com/products/superannotate/reviews
1160,V7,4.1,https://www.g2.com/products/v7/reviews
1161,Appen,4.1,https://www.g2.com/products/appen/reviews
1162,Amazon Sagemaker Ground Truth,4.7,https://www.g2.com/products/amazon-sagemaker-ground-truth/reviews
1163,Labelbox,4.4,https://www.g2.com/products/labelbox/reviews
1164,Hive Data,4.8,https://www.g2.com/products/hive-data/reviews
1165,Ango Hub,4.8,https://www.g2.com/products/ango-hub/reviews
1166,Innotescus Video and Image Annotation Platform,4.4,https://www.g2.com/products/innotescus-video-and-image-annotation-platform/reviews
1167,Datasaur,4.4,https://www.g2.com/products/datasaur/reviews
1168,Apres,4.4,https://www.g2.com/products/apres/reviews
1169,Dataloop,4.8,https://www.g2.com/products/dataloop/reviews
1170,Playment,3.8,https://www.g2.com/products/playment/reviews
1171,PDF Annotation Tool,4.5,https://www.g2.com/products/pdf-annotation-tool/reviews
1172,CloudFactory,4.8,https://www.g2.com/products/cloudfactory/reviews
1173,UBIAI Text Annotation Tool,4.3,https://www.g2.com/products/ubiai-text-annotation-tool/reviews
1174,BasicAI,5,https://www.g2.com/products/basicai/reviews
1175,LinkedAI,4.3,https://www.g2.com/products/linkedai/reviews
1176,TrainingData.io,4.3,https://www.g2.com/products/trainingdata.io/reviews
1177,Clarifai,5,https://www.g2.com/products/clarifai/reviews
1178,Diffgram Training Data Software,3.5,https://www.g2.com/products/diffgram-training-data-software/reviews
1179,Heartex,4,https://www.g2.com/products/heartex/reviews
1180,LionBridge,4.5,https://www.g2.com/products/lionbridge/reviews
1181,Plainsight,4.3,https://www.g2.com/products/plainsight/reviews
1182,Sama,5,https://www.g2.com/products/sama/reviews
1183,Supervisely Computer Vision Platform,4.5,https://www.g2.com/products/supervisely-computer-vision-platform/reviews
1184,Text Classifier with auto Deep Learning,5,https://www.g2.com/products/text-classifier-with-auto-deep-learning/reviews
1185,Alegion,4,https://www.g2.com/products/alegion/reviews
1186,Bounding Boxes for Machine Learning and Computer Vision Datasets,5,https://www.g2.com/products/bounding-boxes-for-machine-learning-and-computer-vision-datasets/reviews
1187,DefinedCrowd,4.5,https://www.g2.com/products/definedcrowd/reviews
1188,Edgecase,4.5,https://www.g2.com/products/edgecase/reviews
1189,MATLAB,4.6,https://www.g2.com/products/matlab/reviews
1190,Anaconda,4.5,https://www.g2.com/products/anaconda/reviews
1191,Alteryx,4.6,https://www.g2.com/products/alteryx/reviews
1192,RapidMiner,4.1,https://www.g2.com/products/rapidminer/reviews
1193,IBM Watson Studio,4.5,https://www.g2.com/products/ibm-watson-studio/reviews
1194,Qlik AutoML (formerly Kraken),4.8,https://www.g2.com/products/qlik-automl-(formerly-kraken)/reviews
1195,Peltarion Platform,4.5,https://www.g2.com/products/peltarion-platform/reviews
1196,RStudio,4.9,https://www.g2.com/products/rstudio/reviews
1197,Deepnote,4.3,https://www.g2.com/products/deepnote/reviews
1198,Google Cloud AI Platform,4.8,https://www.g2.com/products/google-cloud-ai-platform/reviews
1199,Explorium,4.9,https://www.g2.com/products/explorium/reviews
1200,TIMi Suite,3.9,https://www.g2.com/products/timi-suite/reviews
1201,IBM SPSS Modeler,4.5,https://www.g2.com/products/ibm-spss-modeler/reviews
1202,TensorFlow,4.2,https://www.g2.com/products/tensorflow/reviews
1203,Azure Machine Learning Studio,4.8,https://www.g2.com/products/azure-machine-learning-studio/reviews
1204,V7,4.5,https://www.g2.com/products/v7/reviews
1205,H2O,4.3,https://www.g2.com/products/h2o/reviews
1206,Amazon SageMaker,4.5,https://www.g2.com/products/amazon-sagemaker/reviews
1207,IBM Decision Optimization,4.3,https://www.g2.com/products/ibm-decision-optimization/reviews
1208,Dataiku DSS,4.4,https://www.g2.com/products/dataiku-dss/reviews
1209,DataRobot,4.2,https://www.g2.com/products/datarobot/reviews
1210,Box Skills,4.7,https://www.g2.com/products/box-skills/reviews
1211,BigML,4.1,https://www.g2.com/products/bigml/reviews
1212,Google Cloud AutoML,4,https://www.g2.com/products/google-cloud-automl/reviews
1213,Qubole,4.4,https://www.g2.com/products/qubole/reviews
1214,SAS Enterprise Miner,4.3,https://www.g2.com/products/sas-enterprise-miner/reviews
1215,KNIME Analytics Platform,4.7,https://www.g2.com/products/knime-analytics-platform/reviews
1216,FloydHub,4.5,https://www.g2.com/products/floydhub/reviews
1217,Deep Cognition,4.5,https://www.g2.com/products/deep-cognition/reviews
1218,Databricks Lakehouse Platform,4.5,https://www.g2.com/products/databricks-lakehouse-platform/reviews
1219,NVIDIA Deep Learning GPU Training System (DIGITS),4.6,https://www.g2.com/products/nvidia-deep-learning-gpu-training-system-(digits)/reviews
1220,Azure Content Moderator,4.6,https://www.g2.com/products/azure-content-moderator/reviews
1221,Syte,4.3,https://www.g2.com/products/syte/reviews
1222,Amazon Rekognition,4,https://www.g2.com/products/amazon-rekognition/reviews
1223,Microsoft Computer Vision API,4.9,https://www.g2.com/products/microsoft-computer-vision-api/reviews
1224,SuperAnnotate,4.8,https://www.g2.com/products/superannotate/reviews
1225,V7,4.5,https://www.g2.com/products/v7/reviews
1226,Vue.ai,4.3,https://www.g2.com/products/vue.ai/reviews
1227,Azure Custom Vision Service,4.1,https://www.g2.com/products/azure-custom-vision-service/reviews
1228,Google Cloud Vision API,4.4,https://www.g2.com/products/google-cloud-vision-api/reviews
1229,OpenCV,4.2,https://www.g2.com/products/opencv/reviews
1230,IBM Watson Visual Recognition,3.8,https://www.g2.com/products/ibm-watson-visual-recognition/reviews
1231,Microsoft Video API,4.4,https://www.g2.com/products/microsoft-video-api/reviews
1232,scikit-image,4,https://www.g2.com/products/scikit-image/reviews
1233,Azure Face API,4.5,https://www.g2.com/products/azure-face-api/reviews
1234,SimpleCV,4.3,https://www.g2.com/products/simplecv/reviews
1235,Clarifai,3.8,https://www.g2.com/products/clarifai/reviews
1236,Deepdream,4.1,https://www.g2.com/products/deepdream/reviews
1237,DeepPy,4.7,https://www.g2.com/products/deeppy/reviews
1238,ParallelDots ShelfWatch,4.4,https://www.g2.com/products/paralleldots-shelfwatch/reviews
1239,Dataloop,5,https://www.g2.com/products/dataloop/reviews
1240,Anyline,4.2,https://www.g2.com/products/anyline/reviews
1241,Nilearn,3.8,https://www.g2.com/products/nilearn/reviews
1242,Alibaba Image Search,4.5,https://www.g2.com/products/alibaba-image-search/reviews
1243,Google Cloud AutoML Vision,4.8,https://www.g2.com/products/google-cloud-automl-vision/reviews
1244,Vize.ai -  Custom Image Classification,4,https://www.g2.com/products/vize.ai----custom-image-classification/reviews
1245,AForge.MachineLearning,4,https://www.g2.com/products/aforge.machinelearning/reviews
1246,CCV,4.5,https://www.g2.com/products/ccv/reviews
1247,Dlib Image Processing,5,https://www.g2.com/products/dlib-image-processing/reviews
1248,Gesture Recognition Toolkit,4.5,https://www.g2.com/products/gesture-recognition-toolkit/reviews
1249,Conversica,4.7,https://www.g2.com/products/conversica/reviews
1250,Ultimate,4.5,https://www.g2.com/products/ultimate/reviews
1251,Leena AI,4.7,https://www.g2.com/products/leena-ai/reviews
1252,Moveworks,4.7,https://www.g2.com/products/moveworks/reviews
1253,e-bot7,4.6,https://www.g2.com/products/e-bot7/reviews
1254,Exceed.ai,4,https://www.g2.com/products/exceed.ai/reviews
1255,Genesys DX,4.6,https://www.g2.com/products/genesys-dx/reviews
1256,Mindsay,4.6,https://www.g2.com/products/mindsay/reviews
1257,Ada,4.8,https://www.g2.com/products/ada/reviews
1258,Boost.ai,4.6,https://www.g2.com/products/boost.ai/reviews
1259,Thankful,4.4,https://www.g2.com/products/thankful/reviews
1260,IBM Watson Assistant,4.9,https://www.g2.com/products/ibm-watson-assistant/reviews
1261,Techforce.ai,4.4,https://www.g2.com/products/techforce.ai/reviews
1262,Microsoft Power Virtual Agents,4.5,https://www.g2.com/products/microsoft-power-virtual-agents/reviews
1263,Haptik,4.8,https://www.g2.com/products/haptik/reviews
1264,"Saleswhale, a 6sense company",4.7,"https://www.g2.com/products/saleswhale,-a-6sense-company/reviews"
1265,DigitalGenius,4.9,https://www.g2.com/products/digitalgenius/reviews
1266,Neocom.ai -  AI-powered Guided Selling,4.4,https://www.g2.com/products/neocom.ai----ai-powered-guided-selling/reviews
1267,Forethought AI,4.5,https://www.g2.com/products/forethought-ai/reviews
1268,Aisera,4.6,https://www.g2.com/products/aisera/reviews
1269,Vozy,4.6,https://www.g2.com/products/vozy/reviews
1270,CBOT,4.8,https://www.g2.com/products/cbot/reviews
1271,Netomi,3.8,https://www.g2.com/products/netomi/reviews
1272,HCL DRYiCE Lucy Virtual Assistant,4.8,https://www.g2.com/products/hcl-dryice-lucy-virtual-assistant/reviews
1273,Replicant,5,https://www.g2.com/products/replicant/reviews
1274,Rezolve.ai,4.7,https://www.g2.com/products/rezolve.ai/reviews
1275,Cognigy.AI,4.5,https://www.g2.com/products/cognigy.ai/reviews
1276,yellow.ai,4.8,https://www.g2.com/products/yellow.ai/reviews
1277,Zaion,4.6,https://www.g2.com/products/zaion/reviews
1278,AutomationEdge,4.8,https://www.g2.com/products/automationedge/reviews
1279,scikit-learn,4.1,https://www.g2.com/products/scikit-learn/reviews
1280,Personalizer,4.6,https://www.g2.com/products/personalizer/reviews
1281,SuperLearner,4.7,https://www.g2.com/products/superlearner/reviews
1282,machine-learning in Python,4.3,https://www.g2.com/products/machine-learning-in-python/reviews
1283,Intel(R) Data Analytics Acceleration Library,4.3,https://www.g2.com/products/intel(r)-data-analytics-acceleration-library/reviews
1284,Amazon Personalize,4.4,https://www.g2.com/products/amazon-personalize/reviews
1285,Google Cloud TPU,4.4,https://www.g2.com/products/google-cloud-tpu/reviews
1286,Xilinx Machine Learning,4.1,https://www.g2.com/products/xilinx-machine-learning/reviews
1287,GoLearn,3.9,https://www.g2.com/products/golearn/reviews
1288,Microsoft Machine Learning Server,4.5,https://www.g2.com/products/microsoft-machine-learning-server/reviews
1289,PyTorch,3.8,https://www.g2.com/products/pytorch/reviews
1290,Amazon Forecast,4.1,https://www.g2.com/products/amazon-forecast/reviews
1291,MLlib,4.3,https://www.g2.com/products/mllib/reviews
1292,Weka,4.5,https://www.g2.com/products/weka/reviews
1293,python-recsys,4.4,https://www.g2.com/products/python-recsys/reviews
1294,Kubeflow,4.4,https://www.g2.com/products/kubeflow/reviews
1295,Torch,3.8,https://www.g2.com/products/torch/reviews
1296,Annoy,4.6,https://www.g2.com/products/annoy/reviews
1297,Crab,4.4,https://www.g2.com/products/crab/reviews
1298,XGBoost,4.4,https://www.g2.com/products/xgboost/reviews
1299,Vowpal Wabbit,4.2,https://www.g2.com/products/vowpal-wabbit/reviews
1300,Mahout,4.4,https://www.g2.com/products/mahout/reviews
1301,Beeze,4,https://www.g2.com/products/beeze/reviews
1302,Patern Recognition and Machine Learning Toolbox,4,https://www.g2.com/products/patern-recognition-and-machine-learning-toolbox/reviews
1303,Leaf,4.8,https://www.g2.com/products/leaf/reviews
1304,V7,4.4,https://www.g2.com/products/v7/reviews
1305,SimpleAI,4.4,https://www.g2.com/products/simpleai/reviews
1306,Spearmint,4.4,https://www.g2.com/products/spearmint/reviews
1307,BMC Compuware zAdviser,4.1,https://www.g2.com/products/bmc-compuware-zadviser/reviews
1308,Conjecture,4.7,https://www.g2.com/products/conjecture/reviews
1309,Phrazor by vPhrase,4.3,https://www.g2.com/products/phrazor-by-vphrase/reviews
1310,AX Semantics,4.4,https://www.g2.com/products/ax-semantics/reviews
1311,Wordsmith,3.6,https://www.g2.com/products/wordsmith/reviews
1312,Article Forge,4.3,https://www.g2.com/products/article-forge/reviews
1313,Quill,3.9,https://www.g2.com/products/quill/reviews
1314,Persado,4.5,https://www.g2.com/products/persado/reviews
1315,textengine.io,4.7,https://www.g2.com/products/textengine.io/reviews
1316,Arria,4,https://www.g2.com/products/arria/reviews
1317,BeyondWords,3.8,https://www.g2.com/products/beyondwords/reviews
1318,Yseop Augmented Analyst,5,https://www.g2.com/products/yseop-augmented-analyst/reviews
1319,Alana,4.5,https://www.g2.com/products/alana/reviews
1320,Magnet,4.5,https://www.g2.com/products/magnet/reviews
1321,Trinity Audio,0,https://www.g2.com/products/trinity-audio/reviews
1322,Contentyze,0,https://www.g2.com/products/contentyze/reviews
1323,Curo Speech,0,https://www.g2.com/products/curo-speech/reviews
1324,DeepInsights Text Paraphraser,0,https://www.g2.com/products/deepinsights-text-paraphraser/reviews
1325,GluonNLP Sentence Generator,0,https://www.g2.com/products/gluonnlp-sentence-generator/reviews
1326,NLP AI Automation,0,https://www.g2.com/products/nlp-ai-automation/reviews
1327,ServisBOT,0,https://www.g2.com/products/servisbot/reviews
1328,Specifio,0,https://www.g2.com/products/specifio/reviews
1329,Twin,0,https://www.g2.com/products/twin/reviews
