,Title,Rating,HyperLinks
0,Veeam Backup & Replication,4.6,https://www.g2.com/products/veeam-veeam-backup-replication/reviews
1,IDrive Online Backup,4.3,https://www.g2.com/products/idrive-online-backup/reviews
2,Druva Data Resiliency Cloud,4.5,https://www.g2.com/products/druva-data-resiliency-cloud/reviews
3,Acronis Cyber Backup,4.3,https://www.g2.com/products/acronis-cyber-backup/reviews
4,Backblaze,4.6,https://www.g2.com/products/backblaze/reviews
5,Redstor Backup and Archiving,4.6,https://www.g2.com/products/redstor-backup-and-archiving/reviews
6,MSP360 Managed Backup,4.6,https://www.g2.com/products/msp360-managed-backup/reviews
7,Datto Backupify,4.2,https://www.g2.com/products/datto-backupify/reviews
8,NinjaOne (formerly NinjaRMM),4.8,https://www.g2.com/products/ninjaone-formerly-ninjarmm/reviews
9,NAKIVO Backup & Replication,4.7,https://www.g2.com/products/nakivo-backup-replication/reviews
10,Cohesity Helios,4.4,https://www.g2.com/products/cohesity-helios/reviews
11,AvePoint Cloud Backup,4.5,https://www.g2.com/products/avepoint-cloud-backup/reviews
12,Carbonite Safe Backup,4,https://www.g2.com/products/carbonite-safe-backup/reviews
13,Cove Data Protection,4.3,https://www.g2.com/products/cove-data-protection/reviews
14,Acronis Cyber Protect Home Office (formerly Acronis True Image),4.4,https://www.g2.com/products/acronis-cyber-protect-home-office-formerly-acronis-true-image/reviews
15,Clumio,4.8,https://www.g2.com/products/clumio/reviews
16,Barracuda Backup,4.3,https://www.g2.com/products/barracuda-backup/reviews
17,Carbonite Server,4.4,https://www.g2.com/products/carbonite-carbonite-server/reviews
18,Vembu BDR Suite,4.2,https://www.g2.com/products/vembu-bdr-suite/reviews
19,Commvault Backup & Recovery,4.2,https://www.g2.com/products/commvault-backup-recovery/reviews
20,Backup4all,4.3,https://www.g2.com/products/backup4all/reviews
21,Oracle Database Backup Service,4.3,https://www.g2.com/products/oracle-database-backup-service/reviews
22,Arcserve UDP,4.2,https://www.g2.com/products/arcserve-arcserve-udp/reviews
23,Iron Cloud Data Replication,4,https://www.g2.com/products/iron-cloud-data-replication/reviews
24,Magnus Box,4.9,https://www.g2.com/products/magnus-box/reviews
25,GoodSync,4.5,https://www.g2.com/products/goodsync/reviews
26,Macrium Reflect,4.6,https://www.g2.com/products/macrium-reflect/reviews
27,Arcserve,4.5,https://www.g2.com/products/arcserve-2021-05-21/reviews
28,Sync.com,4,https://www.g2.com/products/sync-com/reviews
29,Bacula Enterprise,4.6,https://www.g2.com/products/bacula-enterprise/reviews
30,Asigra Tigris Backup,4.2,https://www.g2.com/products/asigra-tigris-backup/reviews
31,AOMEI Backupper,4.5,https://www.g2.com/products/aomei-technology-aomei-backupper/reviews
32,BackBox,4.6,https://www.g2.com/products/backbox/reviews
33,OpenDrive,4,https://www.g2.com/products/opendrive/reviews
34,Dr.Fone Data Recovery,3.7,https://www.g2.com/products/dr-fone-data-recovery/reviews
35,Arq,4.4,https://www.g2.com/products/arq/reviews
36,SugarSync,3.9,https://www.g2.com/products/sugarsync/reviews
37,Jungle Disk Encrypted Cloud Backup,4,https://www.g2.com/products/jungle-disk-encrypted-cloud-backup/reviews
38,RePicvid Free Photo Recovery,4.3,https://www.g2.com/products/repicvid-free-photo-recovery/reviews
39,MultCloud.com,4,https://www.g2.com/products/multcloud-com/reviews
40,ElephantDrive,4.2,https://www.g2.com/products/elephantdrive/reviews
41,Iperius Backup,4.6,https://www.g2.com/products/iperius-backup/reviews
42,Jungle Disk Backup,3.9,https://www.g2.com/products/jungle-disk-backup/reviews
43,Handy Backup,4,https://www.g2.com/products/handy-backup/reviews
44,Zoolz,2,https://www.g2.com/products/zoolz/reviews
45,Retrospect,3,https://www.g2.com/products/retrospect/reviews
46,Ace Data Devices,5,https://www.g2.com/products/ace-data-devices/reviews
47,Teradata Data Stream,4.3,https://www.g2.com/products/teradata-data-stream/reviews
48,Ahsay Backup,2.1,https://www.g2.com/products/ahsay-backup/reviews
49,NetApp Cloud Volumes ONTAP,4.4,https://www.g2.com/products/netapp-cloud-volumes-ontap/reviews
50,Duplicati,4,https://www.g2.com/products/duplicati/reviews
51,Infrascale Backup & Disaster Recovery,4.4,https://www.g2.com/products/infrascale-backup-disaster-recovery/reviews
52,IONOS cloud,4.3,https://www.g2.com/products/ionos-by-1-1-ionos-cloud/reviews
53,Livedrive,3.6,https://www.g2.com/products/livedrive/reviews
54,SimpleBackups,5,https://www.g2.com/products/simplebackups/reviews
55,Tenorshare iPhone Data Recovery for Windows,4.3,https://www.g2.com/products/tenorshare-iphone-data-recovery-for-windows/reviews
56,CloudAlly G Suite Backup,4.7,https://www.g2.com/products/cloudally-g-suite-backup/reviews
57,HubStor,4.4,https://www.g2.com/products/hubstor/reviews
58,IONOS 1&1 Servers,4.3,https://www.g2.com/products/ionos-1-1-servers/reviews
59,Axcient x360Cloud,3.7,https://www.g2.com/products/axcient-x360cloud/reviews
